-- phpMyAdmin SQL Dump
-- version 5.1.1
-- https://www.phpmyadmin.net/
--
-- Hôte : 127.0.0.1
-- Généré le : sam. 15 mars 2025 à 16:56
-- Version du serveur : 10.4.22-MariaDB
-- Version de PHP : 8.1.2

SET SQL_MODE = "NO_AUTO_VALUE_ON_ZERO";
START TRANSACTION;
SET time_zone = "+00:00";


/*!40101 SET @OLD_CHARACTER_SET_CLIENT=@@CHARACTER_SET_CLIENT */;
/*!40101 SET @OLD_CHARACTER_SET_RESULTS=@@CHARACTER_SET_RESULTS */;
/*!40101 SET @OLD_COLLATION_CONNECTION=@@COLLATION_CONNECTION */;
/*!40101 SET NAMES utf8mb4 */;

--
-- Base de données : `agencevoiture`
--

-- --------------------------------------------------------

--
-- Structure de la table `achete`
--

CREATE TABLE `achete` (
  `clientId` int(11) NOT NULL,
  `vehiculeId` int(11) NOT NULL,
  `dateAchat` date DEFAULT NULL
) ENGINE=InnoDB DEFAULT CHARSET=utf8 COLLATE=utf8_unicode_ci;

--
-- Déchargement des données de la table `achete`
--

INSERT INTO `achete` (`clientId`, `vehiculeId`, `dateAchat`) VALUES
(1, 12, '2022-07-18'),
(2, 13, '2020-05-12'),
(2, 270, '2021-12-24'),
(2, 301, '2020-04-06'),
(3, 6, '2020-05-12'),
(3, 14, '2021-05-18'),
(4, 15, '2022-06-30'),
(5, 5, '2022-07-13'),
(5, 16, '2022-08-19'),
(5, 265, '2022-09-14'),
(5, 300, '2023-04-17'),
(5, 412, '2024-01-14'),
(5, 512, '2025-01-18'),
(6, 17, '2022-08-27'),
(7, 28, '2023-07-12'),
(8, 29, '2024-04-28'),
(9, 30, '2023-10-01'),
(10, 31, '2024-03-18'),
(11, 32, '2025-02-01'),
(12, 33, '2024-02-07'),
(13, 7, '2021-11-22'),
(13, 234, '2024-07-08'),
(13, 275, '2025-01-19'),
(13, 304, '2025-01-19'),
(13, 588, '2025-02-28'),
(14, 235, '2010-05-12'),
(14, 513, '2020-05-12'),
(14, 586, '2025-01-12'),
(15, 236, '2020-09-03'),
(16, 237, '2025-02-27'),
(17, 238, '2024-03-19'),
(18, 87, '2024-04-25'),
(19, 88, '2018-04-12'),
(19, 413, NULL),
(20, 89, '2024-11-25'),
(20, 414, '2019-01-25'),
(21, 90, '2020-04-08'),
(21, 415, '2024-05-29'),
(22, 91, '2017-04-12'),
(22, 416, '2024-06-27'),
(23, 50, '2012-07-04'),
(23, 417, '2022-10-22'),
(24, 51, '2023-05-12'),
(24, 418, '2025-02-14'),
(25, 52, '2014-12-06'),
(25, 419, '2024-09-12'),
(26, 53, '2013-08-12'),
(26, 256, '2020-07-22'),
(26, 302, '2022-12-23'),
(27, 67, '2012-04-18'),
(27, 257, NULL),
(27, 303, '2025-02-13'),
(28, 68, '2008-10-15'),
(28, 258, '2018-03-14'),
(28, 272, '2022-07-23'),
(29, 69, '2015-03-28'),
(29, 259, '2020-07-08'),
(29, 273, '2023-04-29'),
(30, 70, '2016-12-17'),
(30, 260, '2019-07-14'),
(30, 274, '2021-05-22'),
(31, 71, '2017-03-22'),
(31, 261, '2018-07-14'),
(32, 94, NULL),
(32, 262, '2023-07-25'),
(33, 95, '2018-08-14'),
(33, 263, '2021-07-25'),
(34, 96, '2013-12-24'),
(34, 264, '2020-12-28'),
(35, 97, '2024-12-30'),
(36, 98, '2023-12-05'),
(37, 99, '2021-04-08'),
(38, 400, '2019-07-09'),
(39, 401, '2024-05-17'),
(40, 402, '2023-04-19'),
(41, 403, '2017-08-24'),
(42, 404, '2023-04-25'),
(43, 405, '2021-07-13'),
(44, 406, '2022-06-12'),
(45, 407, '2023-07-15'),
(46, 408, '2020-01-15'),
(47, 409, '2019-02-25'),
(48, 410, '2018-03-16'),
(49, 4, NULL),
(49, 14, '2012-07-23'),
(49, 24, '2009-07-14'),
(49, 34, '2018-07-25'),
(49, 44, NULL),
(49, 45, '2014-03-22'),
(49, 46, '2017-06-19'),
(49, 50, '2019-05-16'),
(49, 51, '2002-11-22'),
(49, 55, '2004-06-14'),
(49, 65, '2008-01-14'),
(49, 135, '2013-04-25'),
(49, 136, '2023-12-05'),
(49, 175, '2019-10-28'),
(49, 411, '2009-11-27'),
(49, 456, '2005-04-22'),
(49, 457, '2007-06-07'),
(49, 458, '1985-07-24'),
(49, 459, '1995-07-22'),
(49, 460, '1997-08-24'),
(49, 461, '1999-07-23'),
(49, 462, '2000-01-01'),
(49, 463, '2001-02-02'),
(49, 466, '2004-05-06'),
(49, 467, '2007-08-29'),
(49, 468, NULL),
(49, 469, '2009-09-29'),
(49, 470, '2015-07-28'),
(49, 471, '2017-03-18'),
(49, 472, '2018-07-24'),
(49, 473, '1975-07-28'),
(49, 476, '1979-06-25'),
(49, 477, '1981-02-14'),
(49, 478, '1987-05-17'),
(49, 479, '1989-07-14'),
(49, 480, NULL),
(49, 481, '1992-08-24'),
(49, 482, '1993-08-29'),
(49, 483, '1988-01-24'),
(49, 487, '1993-06-25'),
(49, 488, '1999-09-19'),
(49, 489, '2025-03-03'),
(49, 490, '2018-07-24'),
(49, 491, '2022-03-15'),
(49, 492, '2023-04-15'),
(49, 493, '2024-06-09'),
(49, 497, '2024-11-12'),
(49, 498, '2024-12-21'),
(49, 499, NULL),
(49, 652, NULL);

-- --------------------------------------------------------

--
-- Structure de la table `agence`
--

CREATE TABLE `agence` (
  `agenceId` int(11) NOT NULL,
  `departement` varchar(10) COLLATE utf8_unicode_ci DEFAULT NULL,
  `ville` varchar(50) COLLATE utf8_unicode_ci DEFAULT NULL
) ENGINE=InnoDB DEFAULT CHARSET=utf8 COLLATE=utf8_unicode_ci;

--
-- Déchargement des données de la table `agence`
--

INSERT INTO `agence` (`agenceId`, `departement`, `ville`) VALUES
(1, '75', 'PARIS'),
(2, '75', 'PARIS'),
(3, '78', 'CHATOU'),
(4, '78', 'VERSAILLES'),
(5, '69', 'LYON'),
(6, '67', 'STRASBOURG'),
(7, '92', 'NANTERRE'),
(8, '93', 'BOBIGNY'),
(9, '75', 'PARIS'),
(10, '33', 'BORDEAUX'),
(11, '44', 'NANTES'),
(12, '13', 'MARSEILLE'),
(13, '59', 'LILLE'),
(14, '14', 'CAEN'),
(15, '69', 'LYON'),
(16, '31', 'TOULOUSE'),
(17, '34', 'MONTPELLIER'),
(18, '38', 'GRENOBLE'),
(19, '6', 'NICE'),
(20, '42', 'ST ETIENNE'),
(21, '13', 'AIX'),
(22, '66', 'PERPIGNAN'),
(23, '74', 'ANNECY'),
(24, '1', 'BOURG EN B.'),
(25, '25', 'BESAN'),
(26, '30', 'NIMES'),
(27, '63', 'CLERMONT_FD'),
(28, '73', 'CHAMB'),
(29, '84', 'AVIGNON'),
(30, '75', 'PARIS'),
(31, '89', 'AUXERRE'),
(32, '92', 'NANTERRE'),
(33, '6', 'NICE'),
(34, '10', 'TROYES'),
(35, '94', 'CR'),
(36, '83', 'TOULON'),
(37, '69', 'LYON'),
(38, '44', 'NANTES'),
(39, '54', 'NANCY'),
(40, '43', 'LE PUY'),
(41, '95', 'PONTOISE'),
(42, '87', 'LIMOGES'),
(43, '5', 'GAP'),
(44, '33', 'BORDEAUX'),
(45, '39', 'LONS'),
(46, '26', 'VALENCE'),
(47, '21', 'DIJON'),
(48, '3', 'MOULINS'),
(49, '60', 'BEAUVAIS'),
(50, '72', 'LE MANS'),
(51, '41', 'BLOIS'),
(52, '48', 'MENDE'),
(53, '13', 'MARSEILLE'),
(54, '15', 'AURILLAC'),
(55, '24', 'PERIGUEUX'),
(56, '91', 'EVRY'),
(57, '86', 'POITIERS'),
(58, '81', 'ALBI'),
(59, '68', 'COLMAR'),
(60, '57', 'METZ'),
(61, '49', 'ANGERS'),
(62, '59', 'LILLE'),
(63, '35', 'RENNES'),
(64, '27', 'EVREUX'),
(65, '20', 'AJACCIO'),
(66, '11', 'CARCASSONNE'),
(67, '34', 'MONTPELLIER'),
(68, '17', 'LA ROCHELLE'),
(69, '90', 'BELFORT'),
(70, '93', 'BOBIGNY'),
(71, '80', 'AMIENS'),
(72, '76', 'ROUEN'),
(73, '64', 'PAU'),
(74, '46', 'CAHORS'),
(75, '71', 'MACON'),
(76, '53', 'LAVAL'),
(77, '37', 'TOURS'),
(78, '29', 'QUIMPER'),
(79, '19', 'TULLE'),
(80, '5', 'GAP'),
(81, '12', 'RODEZ'),
(82, '75', 'PARIS'),
(83, '51', 'CHALONS EN C'),
(84, '56', 'VANNES'),
(85, '62', 'ARRAS'),
(86, '82', 'MONTAUBAN'),
(87, '67', 'STRASBOURG'),
(88, '88', 'EPINAL'),
(89, '94', 'CR'),
(90, '77', 'MELUN'),
(91, '20', 'BASTIA'),
(92, '18', 'BOURGES'),
(93, '2', 'LAON'),
(94, '23', 'GU'),
(95, '16', 'ANGOUL'),
(96, '32', 'AUCH'),
(97, '6', 'NICE'),
(98, '7', 'PRIVAS'),
(99, '75', 'PARIS'),
(100, '75', 'PARIS'),
(101, '78', 'CHATOU'),
(102, '78', 'VERSAILLES'),
(103, '69', 'LYON'),
(104, '67', 'STRASBOURG'),
(105, '92', 'NANTERRE'),
(106, '93', 'BOBIGNY'),
(107, '75', 'PARIS'),
(108, '33', 'BORDEAUX'),
(109, '44', 'NANTES'),
(110, '13', 'MARSEILLE'),
(111, '59', 'LILLE'),
(112, '14', 'CAEN'),
(113, '69', 'LYON'),
(114, '31', 'TOULOUSE'),
(115, '34', 'MONTPELLIER'),
(116, '38', 'GRENOBLE'),
(117, '6', 'NICE'),
(118, '42', 'ST ETIENNE'),
(119, '13', 'AIX'),
(120, '66', 'PERPIGNAN'),
(121, '74', 'ANNECY'),
(122, '1', 'BOURG EN B.'),
(123, '25', 'BESAN'),
(124, '30', 'NIMES'),
(125, '63', 'CLERMONT_FD'),
(126, '73', 'CHAMB'),
(127, '84', 'AVIGNON'),
(128, '75', 'PARIS'),
(129, '89', 'AUXERRE'),
(130, '92', 'NANTERRE'),
(131, '6', 'NICE'),
(132, '10', 'TROYES'),
(133, '94', 'CR'),
(134, '83', 'TOULON'),
(135, '69', 'LYON'),
(136, '44', 'NANTES'),
(137, '54', 'NANCY'),
(138, '43', 'LE PUY'),
(139, '95', 'PONTOISE'),
(140, '87', 'LIMOGES'),
(141, '5', 'GAP'),
(142, '33', 'BORDEAUX'),
(143, '39', 'LONS'),
(144, '26', 'VALENCE'),
(145, '21', 'DIJON'),
(146, '3', 'MOULINS'),
(147, '60', 'BEAUVAIS'),
(148, '72', 'LE MANS'),
(149, '41', 'BLOIS'),
(150, '48', 'MENDE'),
(151, '13', 'MARSEILLE'),
(152, '15', 'AURILLAC'),
(153, '24', 'PERIGUEUX'),
(154, '91', 'EVRY'),
(155, '86', 'POITIERS'),
(156, '81', 'ALBI'),
(157, '68', 'COLMAR'),
(158, '57', 'METZ'),
(159, '49', 'ANGERS'),
(160, '59', 'LILLE'),
(161, '35', 'RENNES'),
(162, '27', 'EVREUX'),
(163, '20', 'AJACCIO'),
(164, '11', 'CARCASSONNE'),
(165, '34', 'MONTPELLIER'),
(166, '17', 'LA ROCHELLE'),
(167, '90', 'BELFORT'),
(168, '93', 'BOBIGNY'),
(169, '80', 'AMIENS'),
(170, '76', 'ROUEN'),
(171, '64', 'PAU'),
(172, '46', 'CAHORS'),
(173, '71', 'MACON'),
(174, '53', 'LAVAL'),
(175, '37', 'TOURS'),
(176, '29', 'QUIMPER'),
(177, '19', 'TULLE'),
(178, '5', 'GAP'),
(179, '12', 'RODEZ'),
(180, '75', 'PARIS'),
(181, '51', 'CHALONS EN C'),
(182, '56', 'VANNES'),
(183, '62', 'ARRAS'),
(184, '82', 'MONTAUBAN'),
(185, '67', 'STRASBOURG'),
(186, '88', 'EPINAL'),
(187, '94', 'CR'),
(188, '77', 'MELUN'),
(189, '20', 'BASTIA'),
(190, '18', 'BOURGES'),
(191, '2', 'LAON'),
(192, '23', 'GU'),
(193, '16', 'ANGOUL'),
(194, '32', 'AUCH'),
(195, '6', 'NICE'),
(196, '7', 'PRIVAS'),
(197, '75', 'PARIS'),
(198, '75', 'PARIS'),
(199, '78', 'CHATOU'),
(200, '78', 'VERSAILLES'),
(201, '69', 'LYON'),
(202, '67', 'STRASBOURG'),
(203, '92', 'NANTERRE'),
(204, '93', 'BOBIGNY'),
(205, '75', 'PARIS'),
(206, '33', 'BORDEAUX'),
(207, '44', 'NANTES'),
(208, '13', 'MARSEILLE'),
(209, '59', 'LILLE'),
(210, '14', 'CAEN'),
(211, '69', 'LYON'),
(212, '31', 'TOULOUSE'),
(213, '34', 'MONTPELLIER'),
(214, '38', 'GRENOBLE'),
(215, '6', 'NICE'),
(216, '42', 'ST ETIENNE'),
(217, '13', 'AIX'),
(218, '66', 'PERPIGNAN'),
(219, '74', 'ANNECY'),
(220, '1', 'BOURG EN B.'),
(221, '25', 'BESAN'),
(222, '30', 'NIMES'),
(223, '63', 'CLERMONT_FD'),
(224, '73', 'CHAMB'),
(225, '84', 'AVIGNON'),
(226, '75', 'PARIS'),
(227, '89', 'AUXERRE'),
(228, '92', 'NANTERRE'),
(229, '6', 'NICE'),
(230, '10', 'TROYES'),
(231, '94', 'CR'),
(232, '83', 'TOULON'),
(233, '69', 'LYON'),
(234, '44', 'NANTES'),
(235, '54', 'NANCY'),
(236, '43', 'LE PUY'),
(237, '95', 'PONTOISE'),
(238, '87', 'LIMOGES'),
(239, '5', 'GAP'),
(240, '33', 'BORDEAUX'),
(241, '39', 'LONS'),
(242, '26', 'VALENCE'),
(243, '21', 'DIJON'),
(244, '3', 'MOULINS'),
(245, '60', 'BEAUVAIS'),
(246, '72', 'LE MANS'),
(247, '41', 'BLOIS'),
(248, '48', 'MENDE'),
(249, '13', 'MARSEILLE'),
(250, '15', 'AURILLAC'),
(251, '24', 'PERIGUEUX'),
(252, '91', 'EVRY'),
(253, '86', 'POITIERS'),
(254, '81', 'ALBI'),
(255, '68', 'COLMAR'),
(256, '57', 'METZ'),
(257, '49', 'ANGERS'),
(258, '59', 'LILLE'),
(259, '35', 'RENNES'),
(260, '27', 'EVREUX'),
(261, '20', 'AJACCIO'),
(262, '11', 'CARCASSONNE'),
(263, '34', 'MONTPELLIER'),
(264, '17', 'LA ROCHELLE'),
(265, '90', 'BELFORT'),
(266, '93', 'BOBIGNY'),
(267, '80', 'AMIENS'),
(268, '76', 'ROUEN'),
(269, '64', 'PAU'),
(270, '46', 'CAHORS'),
(271, '71', 'MACON'),
(272, '53', 'LAVAL'),
(273, '37', 'TOURS'),
(274, '29', 'QUIMPER'),
(275, '19', 'TULLE'),
(276, '5', 'GAP'),
(277, '12', 'RODEZ'),
(278, '75', 'PARIS'),
(279, '51', 'CHALONS EN C'),
(280, '56', 'VANNES'),
(281, '62', 'ARRAS'),
(282, '82', 'MONTAUBAN'),
(283, '67', 'STRASBOURG'),
(284, '88', 'EPINAL'),
(285, '94', 'CR'),
(286, '77', 'MELUN'),
(287, '20', 'BASTIA'),
(288, '18', 'BOURGES'),
(289, '2', 'LAON'),
(290, '23', 'GU'),
(291, '16', 'ANGOUL'),
(292, '32', 'AUCH'),
(293, '6', 'NICE'),
(294, '7', 'PRIVAS'),
(295, '4', 'DIGNE'),
(296, '8', 'CHARLEVILLE'),
(297, '22', 'ST BRIEUC'),
(298, '28', 'CHARTRES'),
(299, '36', 'CHATEAUROUX'),
(300, '9', 'FOIX');

-- --------------------------------------------------------

--
-- Structure de la table `client`
--

CREATE TABLE `client` (
  `clientId` int(11) NOT NULL,
  `nom` varchar(50) COLLATE utf8_unicode_ci NOT NULL,
  `adresse` varchar(200) COLLATE utf8_unicode_ci DEFAULT NULL,
  `cPostal` varchar(10) COLLATE utf8_unicode_ci DEFAULT NULL,
  `ville` varchar(100) COLLATE utf8_unicode_ci DEFAULT NULL
) ENGINE=InnoDB DEFAULT CHARSET=utf8 COLLATE=utf8_unicode_ci;

--
-- Déchargement des données de la table `client`
--

INSERT INTO `client` (`clientId`, `nom`, `adresse`, `cPostal`, `ville`) VALUES
(0, 'MACE Walid', '17 av du général De Gaulle', '37550', 'SAINT AVERTIN'),
(1, 'PIRAIS Anne', '16 rue des roses                                                                                    ', '37000', 'TOURS                                                                           '),
(2, 'SILENE Marie ', NULL, NULL, NULL),
(3, 'MIGAUD Louis ', NULL, '37230', 'LUYNES                                                                          '),
(4, 'PETIT Damien', '18 bis rue du terte                                                                                 ', '37200', 'TOURS                                                                           '),
(5, 'BERGER Sébastien', '67 rue du chat noir                                                                                 ', '37170', 'CHAMBRAY LES TOURS                                                              '),
(6, 'LOUPIE Servane ', '12 rue du petit verger                                                                              ', '37550', 'ST AVERTIN                                                                      '),
(7, 'TOUPER Benoit', '14 rue grande                                                                                       ', '37320', 'CORMERY'),
(8, 'POULIN Domitille ', '', '45000', 'ORLEANS'),
(9, 'MIRER Xavier', '13 rue Jean Jaures', '45430', 'CHECY'),
(10, 'TAROU Montaine', '19 rue du mirail                                                                                    ', '44000', 'NANTES'),
(11, 'SILENE Romain', '31 imp de St Roch', '36000', 'CHATEAUROUX'),
(12, 'GAREAU Anne Gaelle ', '47 bd Tonnelle', '85000', 'LA ROCHE SUR YON'),
(13, 'ARCHAMBAULT Meghann', '18 rue des Pinsons                                                                                  ', '75011', 'PARIS'),
(14, 'SIOUX Gerrie', '25 allee des anges', '75012', 'PARIS'),
(15, 'JOLICOEUR Arline', '18 bis rue du terte                                                                                 ', '75017', 'PARIS'),
(16, 'BERNARD Riti', '67 rue du chat noir                                                                                 ', '78000', 'VERSAILLES'),
(17, 'BARIL Denae', '12 rue du petit verger                                                                              ', '78000', 'VERSAILLES'),
(18, 'LHEUREUX Teresa', '14 rue grande                                                                                       ', '41000', 'BLOIS'),
(19, 'ST-MARTIN Ulysses', '27 rue Leon Blum', '86000', 'POITIERS'),
(20, 'GRANDBOIS Nicole', '27 bvd Jean Jaures', '86200', 'LOUDUN'),
(21, 'CAMIRAND Gunner', '19 rue du mirail                                                                                    ', '79000', 'NIORT'),
(22, 'HAMEL March', '31 imp de la pepiniere', '79300', 'BRESSUIRE'),
(23, 'ROUTHIER Vidda', '47 bd Tonnelle', '37500', 'CHINON'),
(24, 'ENARD Bat', '16 rue des roses                                                                                    ', '86400', 'CIVRAY'),
(25, 'CONSTANT Adallard', NULL, NULL, NULL),
(26, 'LOYER Bradford', '18 allee Laurence Sarie', '32420', 'VILLEFRANCHE'),
(27, 'VANMOIRAHEIGHAM Ailis', '18 bis rue du terte                                                                                 ', '89120', 'VILLEFRANCHE'),
(28, 'DESMARAIS Ronni', '67 rue du chat noir                                                                                 ', '32420', 'VILLEFRANCHE'),
(29, 'MCLAUGHLIN Holden', '12 rue du petit verger                                                                              ', '32000', 'TOULOUSE'),
(30, 'SWAIN Sherwin', '                                                                              ', '36000', 'CHATEAUROUX'),
(31, 'LESPERANCE Margarita', NULL, NULL, NULL),
(32, 'ARBOURG Ginelle', '1 rue Jean Jaures', '28000', 'CHARTRES'),
(33, 'FOSSENEUVE Aelber', '19 rue du mirail                                                                                    ', '75011', 'PARIS'),
(34, 'FALCON Star', '18 imp des roses', '75012', 'PARIS'),
(35, 'JOLIBOIS Campy', '47 bd Tonnell', '75017', 'PARIS'),
(36, 'FAGNANT Kane', '16 rue des roses                                                                                    ', '78000', 'VERSAILLES'),
(37, 'LACHAMBRE Mozelle', '18 rue des Pinsons                                                                                  ', '78000', 'VERSAILLES'),
(38, 'GIRARDIN Theron', '27 allee des grands champs', '41000', 'BLOIS'),
(39, 'GLAUDE Averyl', '18 bis rue du terte                                                                                 ', '86000', 'POITIERS'),
(40, 'NAULT Trev', '67 rue du chat noir                                                                                 ', '86200', 'LOUDUN'),
(41, 'NADON Karine', '11 av du General De Gaulle', '79000', 'NIORT'),
(42, 'DESNOMME Buine', '14 rue grande                                                                                       ', '79300', 'BRESSUIRE'),
(43, 'LATREILLE Vanessa', '28 rue Louise Mari', '37500', 'CHINON'),
(44, 'PREFONTAINE Letti', '29 rue Jean Jaures', '86400', 'CIVRAY'),
(45, 'VANHALS Anna', '19 rue du mirail                                                                                    ', '89120', 'VILLEFRANCHE'),
(46, 'LUSSIER Galvin', '31 imp de la parais', '32420', 'VILLEFRANCHE'),
(47, 'MOREAU Mavra', '29 bd Tonnelle', '89120', 'VILLEFRANCHE'),
(48, 'DEMONTIGNY Marc', '11 av du General De Gaulle', '32420', 'VILLEFRANCHE'),
(49, 'PIPE Perdita', '14 rue grande                                                                                       ', '78000', 'VERSAILLES'),
(51, 'SYVAN Gilles', '31 imp de la paix', '75001', 'PARIS'),
(52, 'MARAIS Karim', '28 rue Louise Mari', '36000', 'CHATEAUROUX'),
(53, 'PERON Ines', '38 rue du mirail   ', '37100', 'TOURS');

-- --------------------------------------------------------

--
-- Structure de la table `finition`
--

CREATE TABLE `finition` (
  `finitionId` int(11) NOT NULL,
  `nomFinition` varchar(50) COLLATE utf8_unicode_ci DEFAULT NULL,
  `nbPortes` int(11) DEFAULT NULL,
  `clim` tinyint(1) DEFAULT NULL
) ENGINE=InnoDB DEFAULT CHARSET=utf8 COLLATE=utf8_unicode_ci;

--
-- Déchargement des données de la table `finition`
--

INSERT INTO `finition` (`finitionId`, `nomFinition`, `nbPortes`, `clim`) VALUES
(1, 'decouverte', 3, 0),
(2, 'confort', 5, 1),
(3, 'ambiance', 3, 1),
(4, 'sport', 3, 0),
(5, 'executive', 5, 1),
(6, 'cuir', 5, 1),
(7, 'luxe', 5, 1);

-- --------------------------------------------------------

--
-- Structure de la table `modele`
--

CREATE TABLE `modele` (
  `modeleId` int(11) NOT NULL,
  `gamme` varchar(50) COLLATE utf8_unicode_ci DEFAULT NULL,
  `sigle` varchar(50) COLLATE utf8_unicode_ci DEFAULT NULL,
  `moteur` varchar(50) COLLATE utf8_unicode_ci DEFAULT NULL
) ENGINE=InnoDB DEFAULT CHARSET=utf8 COLLATE=utf8_unicode_ci;

--
-- Déchargement des données de la table `modele`
--

INSERT INTO `modele` (`modeleId`, `gamme`, `sigle`, `moteur`) VALUES
(1, 'twingo', 'Campus', 'E 60'),
(2, 'twingo', 'Classic', 'E 75'),
(3, 'twingo', 'DI', 'D 65'),
(4, 'twingo', 'DTI', 'D 92'),
(5, 'twingo', 'VTS', 'E 90'),
(6, 'clio B', 'Campus', 'E 60'),
(7, 'clio B', 'Classic', 'E75'),
(8, 'clio B', 'DI', 'D65'),
(9, 'clio B', 'DTI', 'D92'),
(10, 'clio B', 'VTS', 'E90'),
(11, 'clio ES', 'Campus', 'E60'),
(12, 'clio ES', 'Classic', 'E75'),
(13, 'clio ES', 'DI', 'D65'),
(14, 'clio ES', 'DTI', 'D92'),
(15, 'clio ES', 'VTS', 'E90'),
(16, 'Modus', 'Campus', 'E60'),
(17, 'Modus', 'Classic', 'E75'),
(18, 'Modus', 'DI', 'D65'),
(19, 'Modus', 'DTI', 'D92'),
(20, 'Modus', 'VTS', 'E90'),
(21, 'Kangoo', 'Campus', 'E60'),
(22, 'Kangoo', 'Classic', 'E75'),
(23, 'Kangoo', 'DI', 'D65'),
(24, 'Kangoo', 'DTI', 'D92'),
(25, 'Kangoo', 'VTS', 'E90'),
(26, 'Megane B', 'Campus', 'E75'),
(27, 'Megane B', 'Classic', 'E90'),
(28, 'Megane B', 'DI', 'D92'),
(29, 'Megane B', 'DTI', 'D110'),
(30, 'Megane B', 'VTS', 'E130'),
(31, 'Megane ES', 'Campus', 'E75'),
(32, 'Megane ES', 'Classic', 'E90'),
(33, 'Megane ES', 'DI', 'D92'),
(34, 'Megane ES', 'DTI', 'D110'),
(35, 'Megane ES', 'VTS', 'E130'),
(36, 'Scenic', 'Campus', 'E75'),
(37, 'Scenic', 'Classic', 'E90'),
(38, 'Scenic', 'DI', 'D92'),
(39, 'Scenic', 'DTI', 'D110'),
(40, 'Scenic', 'VTS', 'E130'),
(41, 'Laguna B', 'Campus', 'E90'),
(42, 'Laguna B', 'Classic', 'E130'),
(43, 'Laguna B', 'DI', 'D110'),
(44, 'Laguna B', 'DTI', 'D150'),
(45, 'Laguna B', 'VTS', 'E170'),
(46, 'Laguna ES', 'Campus', 'E90'),
(47, 'Laguna ES', 'Classic', 'E130'),
(48, 'Laguna ES', 'DI', 'D110');

-- --------------------------------------------------------

--
-- Structure de la table `vehicule`
--

CREATE TABLE `vehicule` (
  `vehiculeId` int(11) NOT NULL,
  `agenceId` int(11) DEFAULT NULL,
  `modeleId` int(11) DEFAULT NULL,
  `finitionId` int(11) DEFAULT NULL,
  `prix` decimal(16,2) DEFAULT NULL
) ENGINE=InnoDB DEFAULT CHARSET=utf8 COLLATE=utf8_unicode_ci;

--
-- Déchargement des données de la table `vehicule`
--

INSERT INTO `vehicule` (`vehiculeId`, `agenceId`, `modeleId`, `finitionId`, `prix`) VALUES
(4, 200, 1, 1, '8380.00'),
(5, 1, 7, 2, '8880.00'),
(6, 1, 13, 3, '10920.00'),
(7, 1, 19, 4, '12190.00'),
(8, 1, 25, 5, '14450.00'),
(9, 1, 26, 6, '13760.00'),
(10, 1, 32, 1, '14860.00'),
(11, 1, 38, 2, '16330.00'),
(12, 1, 2, 3, '17500.00'),
(13, 1, 47, 4, '21534.60'),
(14, 200, 2, 5, '8500.00'),
(15, 2, 8, 6, '11390.00'),
(16, 2, 14, 1, '11050.00'),
(17, 2, 20, 2, '12180.00'),
(18, 2, 2, 3, '13260.00'),
(19, 2, 27, 4, '12590.00'),
(20, 2, 33, 5, '16050.00'),
(21, 2, 39, 6, '15730.00'),
(22, 2, 45, 1, '17970.00'),
(23, 2, 46, 2, '17930.00'),
(24, 200, 3, 3, '10180.00'),
(25, 3, 9, 4, '10290.00'),
(26, 3, 15, 5, '11920.00'),
(27, 3, 16, 6, '11100.00'),
(28, 3, 22, 1, '12490.00'),
(29, 3, 28, 2, '15310.00'),
(30, 3, 34, 3, '15170.00'),
(31, 3, 40, 4, '16670.00'),
(32, 3, 2, 5, '15990.00'),
(33, 3, 47, 6, '19345.80'),
(34, 200, 4, 1, '10160.00'),
(35, 4, 10, 2, '10440.00'),
(36, 4, 11, 3, '10150.00'),
(37, 4, 17, 4, '11560.00'),
(38, 4, 23, 5, '14290.00'),
(39, 4, 29, 6, '15270.00'),
(40, 4, 35, 1, '14920.00'),
(41, 4, 36, 2, '15970.00'),
(42, 4, 42, 3, '15770.00'),
(43, 4, 48, 4, '17950.00'),
(44, 200, 5, 5, '10440.00'),
(45, 200, 6, 6, '10280.00'),
(46, 200, 12, 1, '11240.00'),
(47, 5, 18, 2, '12530.00'),
(48, 5, 24, 3, '13780.00'),
(49, 5, 30, 4, '14700.00'),
(50, 200, 31, 5, '14410.00'),
(51, 200, 37, 6, '15090.00'),
(52, 5, 43, 1, '18290.00'),
(53, 5, 46, 2, '18240.00'),
(54, 6, 1, 3, '7810.00'),
(55, 200, 7, 4, '9810.00'),
(56, 6, 13, 5, '12200.00'),
(57, 6, 19, 6, '13060.00'),
(58, 6, 25, 1, '12970.00'),
(59, 6, 26, 2, '14310.00'),
(60, 6, 32, 3, '15100.00'),
(61, 6, 38, 4, '16760.00'),
(62, 6, 44, 5, '16690.00'),
(63, 6, 47, 6, '20406.00'),
(64, 7, 2, 1, '7640.00'),
(65, 200, 8, 2, '9610.00'),
(66, 7, 14, 3, '11000.00'),
(67, 7, 20, 4, '12510.00'),
(68, 7, 21, 5, '12640.00'),
(69, 7, 27, 6, '12910.00'),
(70, 7, 33, 1, '14540.00'),
(71, 7, 39, 2, '15560.00'),
(72, 7, 45, 3, '16730.00'),
(73, 7, 46, 4, '18090.00'),
(74, 8, 3, 5, '8590.00'),
(75, 8, 9, 6, '9850.00'),
(76, 8, 15, 1, '11700.00'),
(77, 8, 16, 2, '11930.00'),
(78, 8, 22, 3, '12990.00'),
(79, 8, 28, 4, '15060.00'),
(80, 8, 34, 5, '15430.00'),
(81, 8, 40, 6, '16370.00'),
(82, 8, 41, 1, '16110.00'),
(83, 8, 47, 2, '20371.80'),
(84, 9, 4, 3, '9900.00'),
(85, 9, 10, 4, '10270.00'),
(86, 9, 11, 5, '10620.00'),
(87, 9, 17, 6, '10700.00'),
(88, 9, 23, 1, '13360.00'),
(89, 9, 29, 2, '15100.00'),
(90, 9, 35, 3, '16060.00'),
(91, 9, 36, 4, '14590.00'),
(92, 9, 42, 5, '17410.00'),
(93, 9, 48, 6, '18870.00'),
(94, 10, 5, 1, '10130.00'),
(95, 10, 6, 2, '9170.00'),
(96, 10, 12, 3, '11360.00'),
(97, 10, 18, 4, '12260.00'),
(98, 10, 24, 5, '13100.00'),
(99, 10, 30, 6, '14370.00'),
(100, 10, 31, 1, '13930.00'),
(101, 10, 37, 2, '15380.00'),
(102, 10, 43, 3, '18100.00'),
(103, 10, 46, 4, '17620.00'),
(104, 11, 1, 5, '7770.00'),
(105, 11, 7, 6, '9000.00'),
(106, 11, 13, 1, '10950.00'),
(107, 11, 19, 2, '12210.00'),
(108, 11, 25, 3, '14270.00'),
(109, 11, 26, 4, '14400.00'),
(110, 11, 32, 5, '14730.00'),
(111, 11, 38, 6, '16750.00'),
(112, 11, 44, 1, '17610.00'),
(113, 11, 47, 2, '20052.60'),
(114, 12, 2, 3, '7950.00'),
(115, 12, 8, 4, '10740.00'),
(116, 12, 14, 5, '10660.00'),
(117, 12, 20, 6, '12180.00'),
(118, 12, 21, 1, '11870.00'),
(119, 12, 27, 2, '14370.00'),
(120, 12, 33, 3, '15300.00'),
(121, 12, 39, 4, '16350.00'),
(122, 12, 45, 5, '17580.00'),
(123, 12, 46, 6, '18440.00'),
(124, 13, 3, 1, '8980.00'),
(125, 13, 9, 2, '11290.00'),
(126, 13, 15, 3, '10530.00'),
(127, 13, 16, 4, '11880.00'),
(128, 13, 22, 5, '12680.00'),
(129, 13, 28, 6, '15230.00'),
(130, 13, 34, 1, '15240.00'),
(131, 13, 40, 2, '16590.00'),
(132, 13, 41, 3, '17240.00'),
(133, 13, 47, 4, '19459.80'),
(134, 14, 4, 5, '8660.00'),
(135, 200, 10, 6, '10430.00'),
(136, 200, 11, 1, '10560.00'),
(137, 14, 17, 2, '11890.00'),
(138, 14, 23, 3, '12560.00'),
(139, 14, 29, 4, '14710.00'),
(140, 14, 35, 5, '15480.00'),
(141, 14, 36, 6, '15470.00'),
(142, 14, 42, 1, '15920.00'),
(143, 14, 48, 2, '17530.00'),
(144, 15, 5, 3, '9820.00'),
(145, 15, 6, 4, '9570.00'),
(146, 15, 12, 5, '10640.00'),
(147, 15, 18, 6, '13070.00'),
(148, 15, 24, 1, '13780.00'),
(149, 15, 30, 2, '14390.00'),
(150, 15, 31, 3, '14000.00'),
(151, 15, 37, 4, '14670.00'),
(152, 15, 43, 5, '17660.00'),
(153, 15, 46, 6, '18000.00'),
(154, 16, 1, 2, '8800.00'),
(155, 16, 7, 3, '9680.00'),
(156, 16, 13, 4, '12190.00'),
(157, 16, 19, 5, '12000.00'),
(158, 16, 25, 6, '13080.00'),
(159, 16, 26, 1, '13200.00'),
(160, 16, 32, 2, '15030.00'),
(161, 16, 38, 3, '17460.00'),
(162, 16, 44, 4, '17290.00'),
(163, 16, 47, 5, '21922.20'),
(164, 17, 2, 6, '8350.00'),
(165, 17, 8, 1, '9560.00'),
(166, 17, 14, 2, '11650.00'),
(167, 17, 20, 3, '12590.00'),
(168, 17, 21, 4, '11760.00'),
(169, 17, 27, 5, '13840.00'),
(170, 17, 33, 6, '15220.00'),
(171, 17, 39, 1, '16170.00'),
(172, 17, 45, 2, '16770.00'),
(173, 17, 46, 3, '17350.00'),
(174, 18, 3, 4, '8590.00'),
(175, 200, 9, 5, '11290.00'),
(176, 18, 15, 6, '10720.00'),
(177, 18, 16, 1, '12170.00'),
(178, 18, 22, 2, '13270.00'),
(179, 18, 28, 3, '14640.00'),
(180, 18, 34, 4, '15130.00'),
(181, 18, 40, 5, '15600.00'),
(182, 18, 41, 6, '16260.00'),
(183, 18, 47, 1, '20827.80'),
(184, 19, 4, 2, '9210.00'),
(185, 19, 10, 3, '10540.00'),
(186, 19, 11, 4, '9780.00'),
(187, 19, 17, 5, '12220.00'),
(188, 19, 23, 6, '12620.00'),
(189, 19, 29, 1, '13730.00'),
(190, 19, 35, 2, '15270.00'),
(191, 19, 36, 3, '14860.00'),
(192, 19, 42, 4, '16540.00'),
(193, 19, 48, 5, '18410.00'),
(194, 20, 5, 6, '9360.00'),
(195, 20, 6, 1, '9300.00'),
(196, 20, 12, 2, '11280.00'),
(197, 20, 18, 3, '13320.00'),
(198, 20, 24, 4, '13560.00'),
(199, 20, 30, 5, '14890.00'),
(200, 20, 31, 6, '14740.00'),
(201, 20, 37, 1, '15420.00'),
(202, 20, 43, 2, '17370.00'),
(203, 20, 46, 3, '17970.00'),
(204, 21, 1, 4, '8930.00'),
(205, 21, 7, 5, '10050.00'),
(206, 21, 13, 6, '11430.00'),
(207, 21, 19, 1, '12650.00'),
(208, 21, 25, 2, '13790.00'),
(209, 21, 26, 3, '13970.00'),
(210, 21, 32, 4, '14090.00'),
(211, 21, 38, 5, '16180.00'),
(212, 21, 44, 6, '18380.00'),
(213, 21, 47, 1, '21078.60'),
(214, 22, 2, 2, '7890.00'),
(215, 22, 8, 3, '10460.00'),
(216, 22, 14, 4, '11150.00'),
(217, 22, 20, 5, '11800.00'),
(218, 22, 21, 6, '13300.00'),
(219, 22, 27, 1, '14130.00'),
(220, 22, 33, 2, '16040.00'),
(221, 22, 39, 3, '17150.00'),
(222, 22, 45, 4, '17640.00'),
(223, 22, 46, 5, '18090.00'),
(224, 23, 3, 6, '10090.00'),
(225, 23, 9, 1, '11150.00'),
(226, 23, 15, 2, '10980.00'),
(227, 23, 16, 3, '11050.00'),
(228, 23, 22, 4, '13390.00'),
(229, 23, 28, 5, '13600.00'),
(230, 23, 34, 6, '15230.00'),
(231, 23, 40, 1, '16350.00'),
(232, 23, 41, 2, '16520.00'),
(233, 23, 47, 3, '19049.40'),
(234, 24, 4, 4, '9230.00'),
(235, 24, 10, 5, '9670.00'),
(236, 24, 11, 6, '10900.00'),
(237, 24, 17, 1, '12060.00'),
(238, 24, 23, 2, '14140.00'),
(239, 24, 29, 3, '15300.00'),
(240, 24, 35, 4, '16130.00'),
(241, 24, 36, 5, '15610.00'),
(242, 24, 42, 6, '15770.00'),
(243, 24, 48, 1, '18600.00'),
(244, 25, 5, 2, '9050.00'),
(245, 25, 6, 3, '8900.00'),
(246, 25, 12, 4, '10850.00'),
(247, 25, 18, 5, '12620.00'),
(248, 25, 24, 6, '13690.00'),
(249, 25, 30, 1, '14750.00'),
(250, 25, 31, 2, '13940.00'),
(251, 25, 37, 3, '14570.00'),
(252, 25, 43, 4, '18250.00'),
(253, 25, 46, 5, '18990.00'),
(254, 26, 1, 6, '8910.00'),
(255, 26, 7, 1, '9140.00'),
(256, 26, 13, 2, '11130.00'),
(257, 26, 19, 3, '11860.00'),
(258, 26, 25, 4, '13890.00'),
(259, 26, 26, 5, '14480.00'),
(260, 26, 32, 6, '14840.00'),
(261, 26, 38, 1, '16000.00'),
(262, 26, 44, 2, '17790.00'),
(263, 26, 47, 3, '21272.40'),
(264, 27, 2, 4, '7870.00'),
(265, 27, 8, 5, '11110.00'),
(266, 27, 14, 6, '10560.00'),
(267, 27, 20, 1, '13250.00'),
(268, 27, 21, 2, '12630.00'),
(269, 27, 27, 3, '14440.00'),
(270, 27, 33, 4, '15350.00'),
(271, 27, 39, 5, '16590.00'),
(272, 27, 45, 6, '16830.00'),
(273, 27, 46, 1, '16670.00'),
(274, 28, 3, 2, '8770.00'),
(275, 28, 9, 3, '11470.00'),
(276, 28, 15, 4, '11780.00'),
(277, 28, 16, 5, '11980.00'),
(278, 28, 22, 6, '12710.00'),
(279, 28, 28, 1, '14310.00'),
(280, 28, 34, 2, '15790.00'),
(281, 28, 40, 3, '17450.00'),
(282, 28, 41, 4, '17440.00'),
(283, 28, 47, 5, '20018.40'),
(284, 29, 4, 6, '9960.00'),
(285, 29, 10, 1, '9510.00'),
(286, 29, 11, 2, '10470.00'),
(287, 29, 17, 3, '10830.00'),
(288, 29, 23, 4, '13990.00'),
(289, 29, 29, 5, '14990.00'),
(290, 29, 35, 6, '16290.00'),
(291, 29, 36, 1, '16200.00'),
(292, 29, 42, 2, '16590.00'),
(293, 29, 48, 3, '18860.00'),
(294, 30, 5, 4, '9640.00'),
(295, 30, 6, 5, '9470.00'),
(296, 30, 12, 6, '9580.00'),
(297, 30, 18, 1, '13400.00'),
(298, 30, 24, 2, '12760.00'),
(299, 30, 30, 3, '13650.00'),
(300, 30, 31, 4, '13650.00'),
(301, 30, 37, 5, '16230.00'),
(302, 30, 43, 6, '17510.00'),
(303, 30, 46, 1, '19220.00'),
(304, 31, 1, 1, '8020.00'),
(305, 31, 7, 2, '9620.00'),
(306, 31, 13, 3, '12270.00'),
(307, 31, 19, 4, '12530.00'),
(308, 31, 25, 5, '14460.00'),
(309, 31, 26, 6, '14340.00'),
(310, 31, 32, 1, '13880.00'),
(311, 31, 38, 2, '15980.00'),
(312, 31, 44, 3, '17500.00'),
(313, 31, 47, 4, '21318.00'),
(314, 32, 2, 5, '7580.00'),
(315, 32, 8, 6, '10200.00'),
(316, 32, 14, 1, '12290.00'),
(317, 32, 20, 2, '12380.00'),
(318, 32, 21, 3, '12510.00'),
(319, 32, 27, 4, '13180.00'),
(320, 32, 33, 5, '14790.00'),
(321, 32, 39, 6, '17240.00'),
(322, 32, 45, 1, '16640.00'),
(323, 32, 46, 2, '18140.00'),
(324, 33, 3, 3, '9980.00'),
(325, 33, 9, 4, '10550.00'),
(326, 33, 15, 5, '11580.00'),
(327, 33, 16, 6, '11130.00'),
(328, 33, 22, 1, '13370.00'),
(329, 33, 28, 2, '15490.00'),
(330, 33, 34, 3, '15880.00'),
(331, 33, 40, 4, '17120.00'),
(332, 33, 41, 5, '15920.00'),
(333, 33, 47, 6, '19801.80'),
(334, 34, 4, 1, '10430.00'),
(335, 34, 10, 2, '10680.00'),
(336, 34, 11, 3, '10850.00'),
(337, 34, 17, 4, '10700.00'),
(338, 34, 23, 5, '13510.00'),
(339, 34, 29, 6, '14440.00'),
(340, 34, 35, 1, '15470.00'),
(341, 34, 36, 2, '16480.00'),
(342, 34, 42, 3, '16860.00'),
(343, 34, 48, 4, '18890.00'),
(344, 35, 5, 5, '9700.00'),
(345, 35, 6, 6, '8740.00'),
(346, 35, 12, 1, '9700.00'),
(347, 35, 18, 2, '13100.00'),
(348, 35, 24, 3, '13760.00'),
(349, 35, 30, 4, '14190.00'),
(350, 35, 31, 5, '13810.00'),
(351, 35, 37, 6, '15990.00'),
(352, 35, 43, 1, '17210.00'),
(353, 35, 46, 2, '18380.00'),
(354, 36, 1, 3, '8690.00'),
(355, 36, 7, 4, '9220.00'),
(356, 36, 13, 5, '11920.00'),
(357, 36, 19, 6, '13370.00'),
(358, 36, 25, 1, '13880.00'),
(359, 36, 26, 2, '12920.00'),
(360, 36, 32, 3, '14840.00'),
(361, 36, 38, 4, '17220.00'),
(362, 36, 44, 5, '16690.00'),
(363, 36, 47, 6, '20428.80'),
(364, 37, 2, 1, '8200.00'),
(365, 37, 8, 2, '10890.00'),
(366, 37, 14, 3, '11740.00'),
(367, 37, 20, 4, '13440.00'),
(368, 37, 21, 5, '11810.00'),
(369, 37, 27, 6, '12600.00'),
(370, 37, 33, 1, '16020.00'),
(371, 37, 39, 2, '17000.00'),
(372, 37, 45, 3, '16860.00'),
(373, 37, 46, 4, '17570.00'),
(374, 38, 3, 5, '10030.00'),
(375, 38, 9, 6, '10750.00'),
(376, 38, 15, 1, '10600.00'),
(377, 38, 16, 2, '12400.00'),
(378, 38, 22, 3, '12490.00'),
(379, 38, 28, 4, '15320.00'),
(380, 38, 34, 5, '16420.00'),
(381, 38, 40, 6, '15720.00'),
(382, 38, 41, 1, '15620.00'),
(383, 38, 47, 2, '21055.80'),
(384, 39, 4, 3, '9440.00'),
(385, 39, 10, 4, '10760.00'),
(386, 39, 11, 5, '9690.00'),
(387, 39, 17, 6, '10680.00'),
(388, 39, 23, 1, '14120.00'),
(389, 39, 29, 2, '13710.00'),
(390, 39, 35, 3, '15100.00'),
(391, 39, 36, 4, '15900.00'),
(392, 39, 42, 5, '16440.00'),
(393, 39, 48, 6, '18220.00'),
(394, 40, 5, 1, '9610.00'),
(395, 40, 6, 2, '10280.00'),
(396, 40, 12, 3, '9930.00'),
(397, 40, 18, 4, '12520.00'),
(398, 40, 24, 5, '14280.00'),
(399, 40, 30, 6, '14190.00'),
(400, 40, 31, 1, '14510.00'),
(401, 40, 37, 2, '16270.00'),
(402, 40, 43, 3, '16620.00'),
(403, 40, 46, 4, '18880.00'),
(404, 41, 1, 5, '9290.00'),
(405, 41, 7, 6, '9160.00'),
(406, 41, 13, 1, '11460.00'),
(407, 41, 19, 2, '12310.00'),
(408, 41, 25, 3, '12870.00'),
(409, 41, 26, 4, '13750.00'),
(410, 41, 32, 5, '14020.00'),
(411, 200, 38, 6, '16820.00'),
(412, 41, 44, 1, '17040.00'),
(413, 41, 47, 2, '20360.40'),
(414, 42, 2, 3, '8420.00'),
(415, 42, 8, 4, '9830.00'),
(416, 42, 14, 5, '12300.00'),
(417, 42, 20, 6, '12230.00'),
(418, 42, 21, 1, '13210.00'),
(419, 42, 27, 2, '14210.00'),
(420, 42, 33, 3, '15410.00'),
(421, 42, 39, 4, '16890.00'),
(422, 42, 45, 5, '18320.00'),
(423, 42, 46, 6, '17140.00'),
(424, 43, 3, 1, '9570.00'),
(425, 43, 9, 2, '9630.00'),
(426, 43, 15, 3, '11390.00'),
(427, 43, 16, 4, '11920.00'),
(428, 43, 22, 5, '11670.00'),
(429, 43, 28, 6, '14430.00'),
(430, 43, 34, 1, '15740.00'),
(431, 43, 40, 2, '17450.00'),
(432, 43, 41, 3, '16110.00'),
(433, 43, 47, 4, '19927.20'),
(434, 44, 4, 5, '9080.00'),
(435, 44, 10, 6, '9990.00'),
(436, 44, 11, 1, '10100.00'),
(437, 44, 17, 2, '11550.00'),
(438, 44, 2, 3, '13810.00'),
(439, 44, 29, 4, '13770.00'),
(440, 44, 35, 5, '15180.00'),
(441, 44, 36, 6, '16410.00'),
(442, 44, 42, 1, '15660.00'),
(443, 44, 48, 2, '19350.00'),
(444, 45, 5, 3, '9690.00'),
(445, 45, 6, 4, '8710.00'),
(446, 45, 12, 5, '11110.00'),
(447, 45, 2, 6, '13390.00'),
(448, 45, 24, 1, '14300.00'),
(449, 45, 30, 2, '14690.00'),
(450, 45, 31, 3, '14900.00'),
(451, 45, 2, 4, '15930.00'),
(452, 45, 43, 5, '17260.00'),
(453, 45, 46, 6, '19450.00'),
(454, 46, 1, 2, '8080.00'),
(455, 46, 7, 3, '9120.00'),
(456, 200, 13, 4, '11500.00'),
(457, 200, 19, 5, '12580.00'),
(458, 200, 25, 6, '14330.00'),
(459, 200, 26, 1, '13600.00'),
(460, 200, 32, 2, '14500.00'),
(461, 200, 38, 3, '16490.00'),
(462, 200, 44, 4, '16920.00'),
(463, 200, 47, 5, '21534.60'),
(464, 47, 2, 6, '9370.00'),
(465, 47, 8, 1, '11440.00'),
(466, 200, 14, 2, '10900.00'),
(467, 200, 20, 3, '13220.00'),
(468, 200, 21, 4, '12860.00'),
(469, 200, 27, 5, '14280.00'),
(470, 200, 33, 6, '14850.00'),
(471, 200, 39, 1, '16170.00'),
(472, 200, 45, 2, '17950.00'),
(473, 200, 46, 3, '16600.00'),
(474, 48, 3, 4, '8670.00'),
(475, 48, 9, 5, '10870.00'),
(476, 200, 15, 6, '11320.00'),
(477, 200, 16, 1, '11200.00'),
(478, 200, 22, 2, '13350.00'),
(479, 200, 28, 3, '15070.00'),
(480, 200, 34, 4, '16190.00'),
(481, 200, 40, 5, '16870.00'),
(482, 200, 41, 6, '15720.00'),
(483, 200, 47, 1, '19676.40'),
(484, 49, 4, 2, '8900.00'),
(485, 49, 10, 3, '10070.00'),
(486, 49, 11, 4, '10120.00'),
(487, 200, 17, 5, '10610.00'),
(488, 200, 23, 6, '14380.00'),
(489, 200, 29, 1, '14420.00'),
(490, 200, 35, 2, '15830.00'),
(491, 200, 36, 3, '15450.00'),
(492, 200, 42, 4, '17270.00'),
(493, 200, 48, 5, '18120.00'),
(494, 50, 5, 6, '8940.00'),
(495, 50, 6, 1, '10340.00'),
(496, 50, 12, 2, '10220.00'),
(497, 200, 18, 3, '11960.00'),
(498, 200, 24, 4, '13230.00'),
(499, 200, 30, 5, '14000.00'),
(500, 50, 31, 6, '14740.00'),
(501, 50, 37, 1, '16450.00'),
(502, 50, 43, 2, '18280.00'),
(503, 50, 46, 3, '18920.00'),
(504, 51, 1, 4, '9020.00'),
(505, 51, 7, 5, '10350.00'),
(506, 51, 13, 6, '12040.00'),
(507, 51, 19, 1, '13270.00'),
(508, 51, 25, 2, '14020.00'),
(509, 51, 26, 3, '14040.00'),
(510, 51, 32, 4, '15280.00'),
(511, 51, 38, 5, '16380.00'),
(512, 51, 44, 6, '16590.00'),
(513, 51, 47, 1, '22138.80'),
(514, 52, 2, 2, '9120.00'),
(515, 52, 8, 3, '11130.00'),
(516, 52, 14, 4, '12160.00'),
(517, 52, 20, 5, '13020.00'),
(518, 52, 21, 6, '12800.00'),
(519, 52, 27, 1, '13900.00'),
(520, 52, 33, 2, '15820.00'),
(521, 52, 39, 3, '15910.00'),
(522, 52, 45, 4, '17360.00'),
(523, 52, 46, 5, '16930.00'),
(524, 53, 3, 6, '8660.00'),
(525, 53, 9, 1, '10340.00'),
(526, 53, 15, 2, '10560.00'),
(527, 53, 16, 3, '11730.00'),
(528, 53, 22, 4, '13150.00'),
(529, 53, 28, 5, '14250.00'),
(530, 53, 34, 6, '16290.00'),
(531, 53, 40, 1, '15760.00'),
(532, 53, 41, 2, '16150.00'),
(533, 53, 47, 3, '19243.20'),
(534, 54, 4, 4, '9500.00'),
(535, 54, 10, 5, '11480.00'),
(536, 54, 11, 6, '10700.00'),
(537, 54, 17, 1, '10860.00'),
(538, 54, 23, 2, '12610.00'),
(539, 54, 29, 3, '14690.00'),
(540, 54, 35, 4, '14780.00'),
(541, 54, 36, 5, '14830.00'),
(542, 54, 42, 6, '15510.00'),
(543, 54, 48, 1, '17500.00'),
(544, 55, 5, 2, '10210.00'),
(545, 55, 6, 3, '8620.00'),
(546, 55, 12, 4, '11180.00'),
(547, 55, 18, 5, '12710.00'),
(548, 55, 24, 6, '14070.00'),
(549, 55, 30, 1, '13850.00'),
(550, 55, 31, 2, '15310.00'),
(551, 55, 37, 3, '15930.00'),
(552, 55, 43, 4, '17730.00'),
(553, 55, 46, 5, '18190.00'),
(554, 56, 1, 6, '9460.00'),
(555, 56, 7, 1, '10330.00'),
(556, 56, 13, 2, '11600.00'),
(557, 56, 19, 3, '12180.00'),
(558, 56, 25, 4, '13050.00'),
(559, 56, 26, 5, '14320.00'),
(560, 56, 32, 6, '14850.00'),
(561, 56, 38, 1, '15810.00'),
(562, 56, 44, 2, '18190.00'),
(563, 56, 47, 3, '20930.40'),
(564, 57, 2, 4, '9030.00'),
(565, 57, 8, 5, '9750.00'),
(566, 57, 14, 6, '11870.00'),
(567, 57, 20, 1, '12890.00'),
(568, 57, 21, 2, '12730.00'),
(569, 57, 27, 3, '12730.00'),
(570, 57, 33, 4, '14910.00'),
(571, 57, 39, 5, '17290.00'),
(572, 57, 45, 6, '18480.00'),
(573, 57, 46, 1, '17900.00'),
(574, 58, 3, 2, '10110.00'),
(575, 58, 9, 3, '11420.00'),
(576, 58, 15, 4, '10930.00'),
(577, 58, 16, 5, '11400.00'),
(578, 58, 22, 6, '12130.00'),
(579, 58, 28, 1, '14930.00'),
(580, 58, 34, 2, '16500.00'),
(581, 58, 40, 3, '16610.00'),
(582, 58, 41, 4, '15990.00'),
(583, 58, 47, 5, '19254.60'),
(584, 59, 4, 6, '10310.00'),
(585, 59, 10, 1, '11420.00'),
(586, 59, 11, 2, '10100.00'),
(587, 59, 17, 3, '11840.00'),
(588, 59, 23, 4, '12860.00'),
(589, 59, 29, 5, '13850.00'),
(590, 59, 35, 6, '14690.00'),
(591, 59, 36, 1, '14950.00'),
(592, 59, 42, 2, '17090.00'),
(593, 59, 48, 3, '18410.00'),
(594, 60, 5, 4, '9650.00'),
(595, 60, 6, 5, '10050.00'),
(596, 60, 12, 6, '11090.00'),
(597, 60, 18, 1, '11670.00'),
(598, 60, 24, 2, '13400.00'),
(599, 60, 30, 3, '13680.00'),
(600, 60, 31, 4, '14750.00'),
(601, 60, 37, 5, '15510.00'),
(602, 60, 43, 6, '17330.00'),
(603, 60, 46, 1, '17530.00'),
(604, 61, 1, 1, '9250.00'),
(605, 61, 7, 2, '10340.00'),
(606, 61, 13, 3, '11790.00'),
(607, 61, 19, 4, '12660.00'),
(608, 61, 25, 5, '14440.00'),
(609, 61, 26, 6, '12940.00'),
(610, 61, 32, 1, '14760.00'),
(611, 61, 38, 2, '17420.00'),
(612, 61, 44, 3, '17850.00'),
(613, 61, 47, 4, '21192.60'),
(614, 62, 2, 5, '7950.00'),
(615, 62, 8, 6, '11470.00'),
(616, 62, 14, 1, '11350.00'),
(617, 62, 20, 2, '12830.00'),
(618, 62, 21, 3, '11660.00'),
(619, 62, 27, 4, '13980.00'),
(620, 62, 33, 5, '14550.00'),
(621, 62, 39, 6, '15590.00'),
(622, 62, 45, 1, '16980.00'),
(623, 62, 46, 2, '17510.00'),
(624, 63, 3, 3, '9990.00'),
(625, 63, 9, 4, '10850.00'),
(626, 63, 15, 5, '12300.00'),
(627, 63, 16, 6, '11710.00'),
(628, 63, 22, 1, '11570.00'),
(629, 63, 28, 2, '13940.00'),
(630, 63, 34, 3, '15180.00'),
(631, 63, 40, 4, '17260.00'),
(632, 63, 41, 5, '16810.00'),
(633, 63, 47, 6, '19414.20'),
(634, 64, 4, 1, '9750.00'),
(635, 64, 10, 2, '11200.00'),
(636, 64, 11, 3, '10080.00'),
(637, 64, 17, 4, '11300.00'),
(638, 64, 23, 5, '13630.00'),
(639, 64, 29, 6, '13800.00'),
(640, 64, 35, 1, '14940.00'),
(641, 64, 36, 2, '15180.00'),
(642, 64, 42, 3, '17440.00'),
(643, 64, 48, 4, '17950.00'),
(644, 65, 5, 5, '9890.00'),
(645, 65, 6, 6, '10470.00'),
(646, 65, 12, 1, '10240.00'),
(647, 65, 18, 2, '12150.00'),
(648, 65, 24, 3, '13080.00'),
(649, 65, 30, 4, '14460.00'),
(650, 65, 31, 5, '14430.00'),
(651, 65, 37, 6, '16130.00'),
(652, 200, 43, 1, '18060.00'),
(653, 65, 46, 2, '18980.00'),
(654, 66, 1, 3, '9210.00'),
(655, 66, 7, 4, '8780.00'),
(656, 66, 13, 5, '11780.00'),
(657, 66, 19, 6, '12500.00'),
(658, 66, 25, 1, '12850.00'),
(659, 66, 26, 2, '12900.00'),
(660, 66, 32, 3, '14010.00'),
(661, 66, 38, 4, '15880.00'),
(662, 66, 44, 5, '16620.00'),
(663, 66, 47, 6, '22059.00'),
(664, 67, 2, 1, '8290.00'),
(665, 67, 8, 2, '10390.00'),
(666, 67, 14, 3, '12260.00'),
(667, 67, 20, 4, '12120.00'),
(668, 67, 21, 5, '13290.00'),
(669, 67, 27, 6, '12810.00'),
(670, 67, 33, 1, '15330.00'),
(671, 67, 39, 2, '17440.00'),
(672, 67, 45, 3, '17800.00'),
(673, 67, 46, 4, '18370.00'),
(674, 68, 3, 5, '9690.00'),
(675, 68, 9, 6, '11260.00'),
(676, 68, 15, 1, '11360.00'),
(677, 68, 16, 2, '11950.00'),
(678, 68, 22, 3, '12840.00'),
(679, 68, 28, 4, '14640.00'),
(680, 68, 34, 5, '16390.00'),
(681, 68, 40, 6, '17390.00'),
(682, 68, 41, 1, '15570.00'),
(683, 68, 47, 2, '20611.20'),
(684, 69, 4, 3, '9870.00'),
(685, 69, 10, 4, '10340.00'),
(686, 69, 11, 5, '10680.00'),
(687, 69, 17, 6, '12010.00'),
(688, 69, 23, 1, '14490.00'),
(689, 69, 29, 2, '15000.00'),
(690, 69, 35, 3, '14800.00'),
(691, 69, 36, 4, '15640.00'),
(692, 69, 42, 5, '16730.00'),
(693, 69, 48, 6, '18210.00'),
(694, 70, 5, 1, '9820.00'),
(695, 70, 6, 2, '10490.00'),
(696, 70, 12, 3, '9750.00'),
(697, 70, 18, 4, '12110.00'),
(698, 70, 24, 5, '12630.00'),
(699, 70, 30, 6, '14260.00'),
(700, 70, 31, 1, '14500.00'),
(701, 70, 37, 2, '14920.00'),
(702, 70, 43, 3, '16820.00'),
(703, 70, 46, 4, '19170.00'),
(704, 71, 1, 5, '7840.00'),
(705, 71, 7, 6, '9160.00'),
(706, 71, 13, 1, '11020.00'),
(707, 71, 19, 2, '13420.00'),
(708, 71, 25, 3, '13620.00'),
(709, 71, 26, 4, '14320.00'),
(710, 71, 32, 5, '14010.00'),
(711, 71, 38, 6, '16340.00'),
(712, 71, 44, 1, '16690.00'),
(713, 71, 47, 2, '20839.20'),
(714, 72, 2, 3, '9090.00'),
(715, 72, 8, 4, '10830.00'),
(716, 72, 14, 5, '11910.00'),
(717, 72, 20, 6, '11610.00'),
(718, 72, 21, 1, '11740.00'),
(719, 72, 27, 2, '14070.00'),
(720, 72, 33, 3, '16090.00'),
(721, 72, 39, 4, '16280.00'),
(722, 72, 45, 5, '17730.00'),
(723, 72, 46, 6, '17730.00'),
(724, 73, 3, 1, '10260.00'),
(725, 73, 9, 2, '11310.00'),
(726, 73, 15, 3, '12380.00'),
(727, 73, 16, 4, '11070.00'),
(728, 73, 22, 5, '12360.00'),
(729, 73, 28, 6, '14460.00'),
(730, 73, 34, 1, '16120.00'),
(731, 73, 40, 2, '17310.00'),
(732, 73, 41, 3, '16960.00'),
(733, 73, 47, 4, '20098.20'),
(734, 74, 4, 5, '9360.00'),
(735, 74, 10, 6, '11030.00'),
(736, 74, 11, 1, '9930.00'),
(737, 74, 17, 2, '10880.00'),
(738, 74, 23, 3, '13620.00'),
(739, 74, 29, 4, '14690.00'),
(740, 74, 35, 5, '14510.00'),
(741, 74, 36, 6, '16200.00'),
(742, 74, 42, 1, '16450.00'),
(743, 74, 48, 2, '18810.00'),
(744, 75, 5, 3, '9220.00'),
(745, 75, 6, 4, '8720.00'),
(746, 75, 12, 5, '11110.00'),
(747, 75, 18, 6, '12810.00'),
(748, 75, 24, 1, '13880.00'),
(749, 75, 30, 2, '14520.00'),
(750, 75, 31, 3, '13700.00'),
(751, 75, 37, 4, '15830.00'),
(752, 75, 43, 5, '18020.00'),
(753, 75, 46, 6, '19400.00'),
(754, 76, 1, 2, '8000.00'),
(755, 76, 7, 3, '9870.00'),
(756, 76, 13, 4, '12440.00'),
(757, 76, 19, 5, '11990.00'),
(758, 76, 25, 6, '13210.00'),
(759, 76, 26, 1, '13330.00'),
(760, 76, 32, 2, '14490.00'),
(761, 76, 38, 3, '15990.00'),
(762, 76, 44, 4, '17020.00'),
(763, 76, 47, 5, '21420.60'),
(764, 77, 2, 6, '8470.00'),
(765, 77, 8, 1, '10990.00'),
(766, 77, 14, 2, '11920.00'),
(767, 77, 20, 3, '11540.00'),
(768, 77, 21, 4, '13200.00'),
(769, 77, 27, 5, '13310.00'),
(770, 77, 33, 6, '16030.00'),
(771, 77, 39, 1, '16710.00'),
(772, 77, 45, 2, '18310.00'),
(773, 77, 46, 3, '17830.00'),
(774, 78, 3, 4, '10280.00'),
(775, 78, 9, 5, '9660.00'),
(776, 78, 15, 6, '11170.00'),
(777, 78, 16, 1, '10880.00'),
(778, 78, 22, 2, '13000.00'),
(779, 78, 28, 3, '14000.00'),
(780, 78, 34, 4, '16050.00'),
(781, 78, 40, 5, '17340.00'),
(782, 78, 41, 6, '17220.00'),
(783, 78, 47, 1, '19140.60'),
(784, 79, 4, 2, '9930.00'),
(785, 79, 10, 3, '10620.00'),
(786, 79, 11, 4, '10000.00'),
(787, 79, 17, 5, '11540.00'),
(788, 79, 23, 6, '13680.00'),
(789, 79, 29, 1, '14840.00'),
(790, 79, 35, 2, '16140.00'),
(791, 79, 36, 3, '15710.00'),
(792, 79, 42, 4, '17400.00'),
(793, 79, 48, 5, '17530.00'),
(794, 80, 5, 6, '9450.00'),
(795, 80, 6, 1, '9780.00'),
(796, 80, 12, 2, '10620.00'),
(797, 80, 18, 3, '12240.00'),
(798, 80, 24, 4, '13230.00'),
(799, 80, 30, 5, '13510.00'),
(800, 80, 31, 6, '14860.00'),
(801, 80, 37, 1, '14670.00'),
(802, 80, 43, 2, '17940.00'),
(803, 80, 46, 3, '18950.00'),
(804, 81, 1, 4, '8990.00'),
(805, 81, 7, 5, '8890.00'),
(806, 81, 13, 6, '11570.00'),
(807, 81, 19, 1, '11980.00'),
(808, 81, 25, 2, '13930.00'),
(809, 81, 26, 3, '13300.00'),
(810, 81, 32, 4, '13930.00'),
(811, 81, 38, 5, '15990.00'),
(812, 81, 44, 6, '16870.00'),
(813, 81, 47, 1, '22059.00'),
(814, 82, 2, 2, '8120.00'),
(815, 82, 8, 3, '9930.00'),
(816, 82, 14, 4, '10980.00'),
(817, 82, 20, 5, '12800.00'),
(818, 82, 21, 6, '12910.00'),
(819, 82, 27, 1, '12740.00'),
(820, 82, 33, 2, '16090.00'),
(821, 82, 39, 3, '16600.00'),
(822, 82, 45, 4, '18210.00'),
(823, 82, 46, 5, '17780.00'),
(824, 83, 3, 6, '9680.00'),
(825, 83, 9, 1, '11090.00'),
(826, 83, 15, 2, '12470.00'),
(827, 83, 16, 3, '11140.00'),
(828, 83, 22, 4, '11850.00'),
(829, 83, 28, 5, '15380.00'),
(830, 83, 34, 6, '15850.00'),
(831, 83, 40, 1, '17260.00'),
(832, 83, 41, 2, '16890.00'),
(833, 83, 47, 3, '20246.40'),
(834, 84, 4, 4, '9200.00'),
(835, 84, 10, 5, '10760.00'),
(836, 84, 11, 6, '10300.00'),
(837, 84, 17, 1, '12080.00'),
(838, 84, 23, 2, '14110.00'),
(839, 84, 29, 3, '13950.00'),
(840, 84, 35, 4, '15880.00'),
(841, 84, 36, 5, '15880.00'),
(842, 84, 42, 6, '16340.00'),
(843, 84, 48, 1, '18970.00'),
(844, 85, 5, 2, '9040.00'),
(845, 85, 6, 3, '10010.00'),
(846, 85, 12, 4, '10630.00'),
(847, 85, 18, 5, '11690.00'),
(848, 85, 24, 6, '13100.00'),
(849, 85, 30, 1, '15430.00'),
(850, 85, 31, 2, '14380.00'),
(851, 85, 37, 3, '15530.00'),
(852, 85, 43, 4, '16860.00'),
(853, 85, 46, 5, '17760.00'),
(854, 86, 1, 6, '8350.00'),
(855, 86, 7, 1, '8730.00'),
(856, 86, 13, 2, '12370.00'),
(857, 86, 19, 3, '12030.00'),
(858, 86, 25, 4, '12650.00'),
(859, 86, 26, 5, '14380.00'),
(860, 86, 32, 6, '14240.00'),
(861, 86, 38, 1, '16330.00'),
(862, 86, 44, 2, '17470.00'),
(863, 86, 47, 3, '21272.40'),
(864, 87, 2, 4, '7850.00'),
(865, 87, 8, 5, '9580.00'),
(866, 87, 14, 6, '10870.00'),
(867, 87, 20, 1, '12070.00'),
(868, 87, 21, 2, '13160.00'),
(869, 87, 27, 3, '14490.00'),
(870, 87, 33, 4, '15010.00'),
(871, 87, 39, 5, '16920.00'),
(872, 87, 45, 6, '18210.00'),
(873, 87, 46, 1, '16520.00'),
(874, 88, 3, 2, '8670.00'),
(875, 88, 9, 3, '10780.00'),
(876, 88, 15, 4, '12020.00'),
(877, 88, 16, 5, '11210.00'),
(878, 88, 22, 6, '13340.00'),
(879, 88, 28, 1, '13990.00'),
(880, 88, 34, 2, '15620.00'),
(881, 88, 40, 3, '17110.00'),
(882, 88, 41, 4, '16050.00'),
(883, 88, 47, 5, '19653.60'),
(884, 89, 4, 6, '10320.00'),
(885, 89, 10, 1, '10670.00'),
(886, 89, 11, 2, '11290.00'),
(887, 89, 17, 3, '11290.00'),
(888, 89, 23, 4, '13680.00'),
(889, 89, 29, 5, '13690.00'),
(890, 89, 35, 6, '15960.00'),
(891, 89, 36, 1, '15250.00'),
(892, 89, 42, 2, '16380.00'),
(893, 89, 48, 3, '17670.00'),
(894, 90, 5, 4, '8710.00'),
(895, 90, 6, 5, '9660.00'),
(896, 90, 12, 6, '10560.00'),
(897, 90, 18, 1, '12140.00'),
(898, 90, 24, 2, '13690.00'),
(899, 90, 30, 3, '13680.00'),
(900, 90, 31, 4, '13530.00'),
(901, 90, 37, 5, '15470.00'),
(902, 90, 43, 6, '17700.00'),
(903, 90, 46, 1, '19320.00'),
(904, 91, 1, 1, '8770.00'),
(905, 91, 7, 2, '10040.00'),
(906, 91, 13, 3, '12070.00'),
(907, 91, 19, 4, '13060.00'),
(908, 91, 25, 5, '12770.00'),
(909, 91, 26, 6, '12570.00'),
(910, 91, 32, 1, '15180.00'),
(911, 91, 38, 2, '17330.00'),
(912, 91, 44, 3, '16630.00'),
(913, 91, 47, 4, '21511.80'),
(914, 92, 2, 5, '8020.00'),
(915, 92, 8, 6, '11150.00'),
(916, 92, 14, 1, '11560.00'),
(917, 92, 20, 2, '12190.00'),
(918, 92, 21, 3, '12600.00'),
(919, 92, 27, 4, '13170.00'),
(920, 92, 33, 5, '16120.00'),
(921, 92, 39, 6, '17480.00'),
(922, 92, 45, 1, '17780.00'),
(923, 92, 46, 2, '18440.00'),
(924, 93, 3, 3, '9180.00'),
(925, 93, 9, 4, '10980.00'),
(926, 93, 15, 5, '11480.00'),
(927, 93, 16, 6, '11780.00'),
(928, 93, 22, 1, '12340.00'),
(929, 93, 28, 2, '14600.00'),
(930, 93, 34, 3, '16180.00'),
(931, 93, 40, 4, '16330.00'),
(932, 93, 41, 5, '15830.00'),
(933, 93, 47, 6, '19300.20'),
(934, 94, 4, 1, '10420.00'),
(935, 94, 10, 2, '9950.00'),
(936, 94, 11, 3, '10830.00'),
(937, 94, 17, 4, '10870.00'),
(938, 94, 23, 5, '14280.00'),
(939, 94, 29, 6, '13970.00'),
(940, 94, 35, 1, '15810.00'),
(941, 94, 36, 2, '14590.00'),
(942, 94, 42, 3, '17190.00'),
(943, 94, 48, 4, '18060.00'),
(944, 95, 5, 5, '9740.00'),
(945, 95, 6, 6, '8570.00'),
(946, 95, 12, 1, '10240.00'),
(947, 95, 18, 2, '11890.00'),
(948, 95, 24, 3, '14370.00'),
(949, 95, 30, 4, '13680.00'),
(950, 95, 31, 5, '15340.00'),
(951, 95, 37, 6, '16420.00'),
(952, 95, 43, 1, '18450.00'),
(953, 95, 46, 2, '18630.00'),
(954, 96, 1, 3, '8130.00'),
(955, 96, 7, 4, '10040.00'),
(956, 96, 13, 5, '10990.00'),
(957, 96, 19, 6, '12940.00'),
(958, 96, 25, 1, '14030.00'),
(959, 96, 26, 2, '12600.00'),
(960, 96, 32, 3, '14560.00'),
(961, 96, 38, 4, '15820.00'),
(962, 96, 44, 5, '17820.00'),
(963, 96, 47, 6, '22093.20'),
(964, 97, 2, 1, '8040.00'),
(965, 97, 8, 2, '10120.00'),
(966, 97, 14, 3, '12470.00'),
(967, 97, 20, 4, '11750.00'),
(968, 97, 21, 5, '11620.00'),
(969, 97, 27, 6, '12760.00'),
(970, 97, 33, 1, '15890.00'),
(971, 97, 39, 2, '16600.00'),
(972, 97, 45, 3, '16720.00'),
(973, 97, 46, 4, '17720.00'),
(974, 98, 3, 5, '9800.00'),
(975, 98, 9, 6, '10580.00'),
(976, 98, 15, 1, '11580.00'),
(977, 98, 16, 2, '10970.00'),
(978, 98, 22, 3, '11690.00'),
(979, 98, 28, 4, '14410.00'),
(980, 98, 34, 5, '15690.00'),
(981, 98, 40, 6, '17320.00'),
(982, 98, 41, 1, '15590.00'),
(983, 98, 47, 2, '20440.20'),
(984, 99, 4, 3, '8970.00'),
(985, 99, 10, 4, '11350.00'),
(986, 99, 11, 5, '10320.00'),
(987, 99, 17, 6, '12380.00'),
(988, 99, 23, 1, '12840.00'),
(989, 99, 29, 2, '13670.00'),
(990, 99, 35, 3, '15570.00'),
(991, 99, 36, 4, '15370.00'),
(992, 99, 42, 5, '15950.00'),
(993, 99, 48, 6, '18150.00'),
(994, 100, 5, 1, '8540.00'),
(995, 100, 6, 2, '10470.00'),
(996, 100, 12, 3, '10850.00'),
(997, 100, 18, 4, '12900.00'),
(998, 100, 24, 5, '13530.00'),
(999, 100, 30, 6, '15460.00'),
(1000, 100, 31, 1, '15220.00'),
(1001, 100, 37, 2, '15010.00'),
(1002, 100, 43, 3, '17760.00'),
(1003, 100, 46, 4, '18160.00'),
(1004, 101, 1, 5, '9170.00'),
(1005, 101, 7, 6, '9210.00'),
(1006, 101, 13, 1, '11600.00'),
(1007, 101, 19, 2, '13120.00'),
(1008, 101, 25, 3, '13180.00'),
(1009, 101, 26, 4, '14210.00'),
(1010, 101, 32, 5, '14580.00'),
(1011, 101, 38, 6, '16640.00'),
(1012, 101, 44, 1, '17380.00'),
(1013, 101, 47, 2, '21979.20'),
(1014, 102, 2, 3, '9110.00'),
(1015, 102, 8, 4, '10060.00'),
(1016, 102, 14, 5, '11230.00'),
(1017, 102, 20, 6, '12920.00'),
(1018, 102, 21, 1, '12130.00'),
(1019, 102, 27, 2, '12960.00'),
(1020, 102, 33, 3, '15600.00'),
(1021, 102, 39, 4, '17230.00'),
(1022, 102, 45, 5, '18140.00'),
(1023, 102, 46, 6, '17800.00'),
(1024, 103, 3, 1, '9310.00'),
(1025, 103, 9, 2, '10590.00'),
(1026, 103, 15, 3, '10970.00'),
(1027, 103, 16, 4, '11080.00'),
(1028, 103, 22, 5, '13220.00'),
(1029, 103, 28, 6, '13840.00'),
(1030, 103, 34, 1, '14740.00'),
(1031, 103, 40, 2, '16540.00'),
(1032, 103, 41, 3, '16810.00'),
(1033, 103, 47, 4, '20782.20'),
(1034, 104, 4, 5, '9200.00'),
(1035, 104, 10, 6, '9700.00'),
(1036, 104, 11, 1, '11430.00'),
(1037, 104, 17, 2, '10910.00'),
(1038, 104, 23, 3, '13710.00'),
(1039, 104, 29, 4, '14220.00'),
(1040, 104, 35, 5, '15560.00'),
(1041, 104, 36, 6, '15450.00'),
(1042, 104, 42, 1, '17470.00'),
(1043, 104, 48, 2, '18980.00'),
(1044, 105, 5, 3, '9550.00'),
(1045, 105, 6, 4, '10070.00'),
(1046, 105, 12, 5, '10010.00'),
(1047, 105, 18, 6, '12870.00'),
(1048, 105, 24, 1, '13200.00'),
(1049, 105, 30, 2, '14590.00'),
(1050, 105, 31, 3, '14690.00'),
(1051, 105, 37, 4, '15200.00'),
(1052, 105, 43, 5, '17820.00'),
(1053, 105, 46, 6, '19170.00'),
(1054, 106, 1, 2, '9150.00'),
(1055, 106, 7, 3, '8750.00'),
(1056, 106, 13, 4, '12090.00'),
(1057, 106, 19, 5, '12840.00'),
(1058, 106, 25, 6, '13150.00'),
(1059, 106, 26, 1, '13890.00'),
(1060, 106, 32, 2, '14750.00'),
(1061, 106, 38, 3, '17470.00'),
(1062, 106, 44, 4, '16750.00'),
(1063, 106, 47, 5, '22059.00'),
(1064, 107, 2, 6, '8370.00'),
(1065, 107, 8, 1, '10220.00'),
(1066, 107, 14, 2, '12070.00'),
(1067, 107, 20, 3, '12780.00'),
(1068, 107, 21, 4, '12090.00'),
(1069, 107, 27, 5, '13030.00'),
(1070, 107, 33, 6, '15230.00'),
(1071, 107, 39, 1, '16570.00'),
(1072, 107, 45, 2, '17200.00'),
(1073, 107, 46, 3, '16730.00'),
(1074, 108, 3, 4, '10260.00'),
(1075, 108, 9, 5, '11420.00'),
(1076, 108, 15, 6, '10660.00'),
(1077, 108, 16, 1, '12080.00'),
(1078, 108, 22, 2, '12190.00'),
(1079, 108, 28, 3, '14240.00'),
(1080, 108, 34, 4, '14840.00'),
(1081, 108, 40, 5, '16200.00'),
(1082, 108, 41, 6, '16120.00'),
(1083, 108, 47, 1, '19163.40'),
(1084, 109, 4, 2, '9970.00'),
(1085, 109, 10, 3, '10500.00'),
(1086, 109, 11, 4, '10210.00'),
(1087, 109, 17, 5, '12310.00'),
(1088, 109, 23, 6, '13390.00'),
(1089, 109, 29, 1, '13720.00'),
(1090, 109, 35, 2, '14660.00'),
(1091, 109, 36, 3, '15660.00'),
(1092, 109, 42, 4, '16390.00'),
(1093, 109, 48, 5, '18570.00'),
(1094, 110, 5, 6, '9860.00'),
(1095, 110, 6, 1, '10030.00'),
(1096, 110, 12, 2, '11210.00'),
(1097, 110, 18, 3, '13310.00'),
(1098, 110, 24, 4, '13170.00'),
(1099, 110, 30, 5, '14280.00'),
(1100, 110, 31, 6, '14450.00'),
(1101, 110, 37, 1, '15980.00'),
(1102, 110, 43, 2, '18460.00'),
(1103, 110, 46, 3, '18560.00'),
(1104, 111, 1, 4, '8870.00'),
(1105, 111, 7, 5, '10380.00'),
(1106, 111, 13, 6, '10980.00'),
(1107, 111, 19, 1, '12950.00'),
(1108, 111, 25, 2, '13830.00'),
(1109, 111, 26, 3, '13440.00'),
(1110, 111, 32, 4, '13720.00'),
(1111, 111, 38, 5, '15940.00'),
(1112, 111, 44, 6, '17490.00'),
(1113, 111, 47, 1, '20759.40'),
(1114, 112, 2, 2, '7810.00'),
(1115, 112, 8, 3, '10150.00'),
(1116, 112, 14, 4, '11560.00'),
(1117, 112, 20, 5, '13400.00'),
(1118, 112, 21, 6, '12210.00'),
(1119, 112, 27, 1, '13960.00'),
(1120, 112, 33, 2, '16470.00'),
(1121, 112, 39, 3, '17170.00'),
(1122, 112, 45, 4, '17000.00'),
(1123, 112, 46, 5, '17210.00'),
(1124, 113, 3, 6, '8580.00'),
(1125, 113, 9, 1, '9710.00'),
(1126, 113, 15, 2, '11120.00'),
(1127, 113, 16, 3, '11820.00'),
(1128, 113, 22, 4, '13160.00'),
(1129, 113, 28, 5, '15500.00'),
(1130, 113, 34, 6, '15960.00'),
(1131, 113, 40, 1, '15780.00'),
(1132, 113, 41, 2, '16240.00'),
(1133, 113, 47, 3, '20702.40'),
(1134, 114, 4, 4, '8810.00'),
(1135, 114, 10, 5, '10800.00'),
(1136, 114, 11, 6, '9780.00'),
(1137, 114, 17, 1, '11530.00'),
(1138, 114, 23, 2, '14060.00'),
(1139, 114, 29, 3, '13840.00'),
(1140, 114, 35, 4, '16230.00'),
(1141, 114, 36, 5, '15370.00'),
(1142, 114, 42, 6, '17120.00'),
(1143, 114, 48, 1, '17890.00'),
(1144, 115, 5, 2, '8600.00'),
(1145, 115, 6, 3, '8580.00'),
(1146, 115, 12, 4, '10170.00'),
(1147, 115, 18, 5, '12780.00'),
(1148, 115, 24, 6, '14160.00'),
(1149, 115, 30, 1, '13750.00'),
(1150, 115, 31, 2, '14280.00'),
(1151, 115, 37, 3, '14600.00'),
(1152, 115, 43, 4, '18010.00'),
(1153, 115, 46, 5, '18730.00'),
(1154, 116, 1, 6, '8610.00'),
(1155, 116, 7, 1, '9840.00'),
(1156, 116, 13, 2, '12260.00'),
(1157, 116, 19, 3, '13290.00'),
(1158, 116, 25, 4, '12630.00'),
(1159, 116, 26, 5, '13090.00'),
(1160, 116, 32, 6, '14920.00'),
(1161, 116, 38, 1, '16990.00'),
(1162, 116, 44, 2, '17930.00'),
(1163, 116, 47, 3, '20086.80'),
(1164, 117, 2, 4, '8740.00'),
(1165, 117, 8, 5, '10580.00'),
(1166, 117, 14, 6, '11830.00'),
(1167, 117, 20, 1, '11680.00'),
(1168, 117, 21, 2, '13280.00'),
(1169, 117, 27, 3, '13340.00'),
(1170, 117, 33, 4, '16060.00'),
(1171, 117, 39, 5, '15690.00'),
(1172, 117, 45, 6, '18280.00'),
(1173, 117, 46, 1, '16530.00'),
(1174, 118, 3, 2, '10120.00'),
(1175, 118, 9, 3, '9880.00'),
(1176, 118, 15, 4, '12150.00'),
(1177, 118, 16, 5, '10720.00'),
(1178, 118, 22, 6, '12520.00'),
(1179, 118, 28, 1, '15310.00'),
(1180, 118, 34, 2, '14940.00'),
(1181, 118, 40, 3, '16790.00'),
(1182, 118, 41, 4, '17060.00'),
(1183, 118, 47, 5, '19117.80'),
(1184, 119, 4, 6, '10460.00'),
(1185, 119, 10, 1, '9610.00'),
(1186, 119, 11, 2, '10150.00'),
(1187, 119, 17, 3, '12440.00'),
(1188, 119, 23, 4, '13100.00'),
(1189, 119, 29, 5, '14680.00'),
(1190, 119, 35, 6, '15920.00'),
(1191, 119, 36, 1, '15830.00'),
(1192, 119, 42, 2, '16090.00'),
(1193, 119, 48, 3, '17970.00'),
(1194, 120, 5, 4, '9450.00'),
(1195, 120, 6, 5, '9900.00'),
(1196, 120, 12, 6, '10680.00'),
(1197, 120, 18, 1, '12060.00'),
(1198, 120, 24, 2, '13520.00'),
(1199, 120, 30, 3, '14320.00'),
(1200, 120, 31, 4, '15210.00'),
(1201, 120, 37, 5, '14990.00'),
(1202, 120, 43, 6, '18340.00'),
(1203, 120, 46, 1, '18260.00'),
(1204, 121, 1, 1, '9180.00'),
(1205, 121, 7, 2, '9680.00'),
(1206, 121, 13, 3, '12480.00'),
(1207, 121, 19, 4, '12310.00'),
(1208, 121, 25, 5, '13390.00'),
(1209, 121, 26, 6, '14340.00'),
(1210, 121, 32, 1, '14840.00'),
(1211, 121, 38, 2, '17330.00'),
(1212, 121, 44, 3, '17690.00'),
(1213, 121, 47, 4, '21762.60'),
(1214, 122, 2, 5, '9320.00'),
(1215, 122, 8, 6, '9610.00'),
(1216, 122, 14, 1, '11230.00'),
(1217, 122, 20, 2, '12340.00'),
(1218, 122, 21, 3, '11870.00'),
(1219, 122, 27, 4, '12680.00'),
(1220, 122, 33, 5, '15270.00'),
(1221, 122, 39, 6, '16180.00'),
(1222, 122, 45, 1, '18170.00'),
(1223, 122, 46, 2, '17370.00'),
(1224, 123, 3, 3, '10440.00'),
(1225, 123, 9, 4, '10050.00'),
(1226, 123, 15, 5, '11850.00'),
(1227, 123, 16, 6, '11960.00'),
(1228, 123, 22, 1, '12360.00'),
(1229, 123, 28, 2, '14210.00'),
(1230, 123, 34, 3, '16140.00'),
(1231, 123, 40, 4, '16510.00'),
(1232, 123, 41, 5, '16320.00'),
(1233, 123, 47, 6, '20565.60'),
(1234, 124, 4, 1, '8810.00'),
(1235, 124, 10, 2, '11260.00'),
(1236, 124, 11, 3, '10170.00'),
(1237, 124, 17, 4, '12040.00'),
(1238, 124, 23, 5, '12700.00'),
(1239, 124, 29, 6, '14390.00'),
(1240, 124, 35, 1, '15710.00'),
(1241, 124, 36, 2, '15880.00'),
(1242, 124, 42, 3, '16910.00'),
(1243, 124, 48, 4, '18760.00'),
(1244, 125, 5, 5, '10040.00'),
(1245, 125, 6, 6, '9210.00'),
(1246, 125, 12, 1, '10820.00'),
(1247, 125, 18, 2, '11570.00'),
(1248, 125, 24, 3, '13500.00'),
(1249, 125, 30, 4, '13780.00'),
(1250, 125, 31, 5, '15130.00'),
(1251, 125, 37, 6, '16280.00'),
(1252, 125, 43, 1, '17780.00'),
(1253, 125, 46, 2, '19130.00'),
(1254, 126, 1, 3, '8050.00'),
(1255, 126, 7, 4, '10410.00'),
(1256, 126, 13, 5, '12360.00'),
(1257, 126, 19, 6, '11500.00'),
(1258, 126, 25, 1, '12750.00'),
(1259, 126, 26, 2, '12770.00'),
(1260, 126, 32, 3, '14610.00'),
(1261, 126, 38, 4, '17140.00'),
(1262, 126, 44, 5, '17970.00'),
(1263, 126, 47, 6, '19984.20'),
(1264, 127, 2, 1, '7770.00'),
(1265, 127, 8, 2, '10570.00'),
(1266, 127, 14, 3, '11650.00'),
(1267, 127, 20, 4, '12450.00'),
(1268, 127, 21, 5, '12830.00'),
(1269, 127, 27, 6, '13090.00'),
(1270, 127, 33, 1, '15640.00'),
(1271, 127, 39, 2, '15770.00'),
(1272, 127, 45, 3, '16650.00'),
(1273, 127, 46, 4, '17290.00'),
(1274, 128, 3, 5, '8840.00'),
(1275, 128, 9, 6, '11080.00'),
(1276, 128, 15, 1, '11880.00'),
(1277, 128, 16, 2, '10650.00'),
(1278, 128, 22, 3, '13270.00'),
(1279, 128, 28, 4, '14220.00'),
(1280, 128, 34, 5, '15380.00'),
(1281, 128, 40, 6, '16260.00'),
(1282, 128, 41, 1, '17030.00'),
(1283, 128, 47, 2, '19402.80'),
(1284, 129, 4, 3, '9780.00'),
(1285, 129, 10, 4, '11030.00'),
(1286, 129, 11, 5, '9630.00'),
(1287, 129, 17, 6, '11620.00'),
(1288, 129, 23, 1, '13170.00'),
(1289, 129, 29, 2, '13760.00'),
(1290, 129, 35, 3, '14680.00'),
(1291, 129, 36, 4, '15290.00'),
(1292, 129, 42, 5, '17110.00'),
(1293, 129, 48, 6, '18730.00'),
(1294, 130, 5, 1, '8800.00'),
(1295, 130, 6, 2, '10040.00'),
(1296, 130, 12, 3, '11380.00'),
(1297, 130, 18, 4, '11720.00'),
(1298, 130, 24, 5, '13960.00'),
(1299, 130, 30, 6, '14060.00'),
(1300, 130, 31, 1, '13560.00'),
(1301, 130, 37, 2, '16360.00'),
(1302, 130, 43, 3, '18480.00'),
(1303, 130, 46, 4, '19440.00'),
(1304, 131, 1, 5, '8560.00'),
(1305, 131, 7, 6, '9330.00'),
(1306, 131, 13, 1, '12450.00'),
(1307, 131, 19, 2, '11650.00'),
(1308, 131, 25, 3, '13230.00'),
(1309, 131, 26, 4, '13240.00'),
(1310, 131, 32, 5, '14120.00'),
(1311, 131, 38, 6, '17370.00'),
(1312, 131, 44, 1, '17270.00'),
(1313, 131, 47, 2, '21306.60'),
(1314, 132, 2, 3, '7540.00'),
(1315, 132, 8, 4, '10660.00'),
(1316, 132, 14, 5, '11660.00'),
(1317, 132, 20, 6, '11760.00'),
(1318, 132, 21, 1, '12040.00'),
(1319, 132, 27, 2, '12800.00'),
(1320, 132, 33, 3, '14910.00'),
(1321, 132, 39, 4, '15900.00'),
(1322, 132, 45, 5, '17730.00'),
(1323, 132, 46, 6, '18490.00'),
(1324, 133, 3, 1, '9460.00'),
(1325, 133, 9, 2, '9830.00'),
(1326, 133, 15, 3, '10640.00'),
(1327, 133, 16, 4, '11310.00'),
(1328, 133, 22, 5, '11790.00'),
(1329, 133, 28, 6, '13890.00'),
(1330, 133, 34, 1, '15900.00'),
(1331, 133, 40, 2, '16660.00'),
(1332, 133, 41, 3, '16770.00'),
(1333, 133, 47, 4, '19858.80'),
(1334, 134, 4, 5, '8950.00'),
(1335, 134, 10, 6, '10390.00'),
(1336, 134, 11, 1, '10860.00'),
(1337, 134, 17, 2, '11140.00'),
(1338, 134, 23, 3, '14290.00'),
(1339, 134, 29, 4, '13910.00'),
(1340, 134, 35, 5, '16050.00'),
(1341, 134, 36, 6, '15680.00'),
(1342, 134, 42, 1, '16100.00'),
(1343, 134, 48, 2, '17570.00'),
(1344, 135, 5, 3, '8660.00'),
(1345, 135, 6, 4, '9190.00'),
(1346, 135, 12, 5, '9700.00'),
(1347, 135, 18, 6, '12740.00'),
(1348, 135, 24, 1, '12580.00'),
(1349, 135, 30, 2, '15020.00'),
(1350, 135, 31, 3, '13950.00'),
(1351, 135, 37, 4, '14700.00'),
(1352, 135, 43, 5, '17070.00'),
(1353, 135, 46, 6, '18970.00'),
(1354, 136, 1, 2, '7570.00'),
(1355, 136, 7, 3, '9970.00'),
(1356, 136, 13, 4, '12020.00'),
(1357, 136, 19, 5, '13230.00'),
(1358, 136, 25, 6, '14060.00'),
(1359, 136, 26, 1, '13820.00'),
(1360, 136, 32, 2, '13650.00'),
(1361, 136, 38, 3, '16910.00'),
(1362, 136, 44, 4, '17080.00'),
(1363, 136, 47, 5, '21682.80'),
(1364, 137, 2, 6, '7520.00'),
(1365, 137, 8, 1, '10400.00'),
(1366, 137, 14, 2, '10880.00'),
(1367, 137, 20, 3, '12820.00'),
(1368, 137, 21, 4, '13160.00'),
(1369, 137, 27, 5, '12680.00'),
(1370, 137, 33, 6, '15910.00'),
(1371, 137, 39, 1, '16420.00'),
(1372, 137, 45, 2, '17910.00'),
(1373, 137, 46, 3, '17350.00'),
(1374, 138, 3, 4, '8530.00'),
(1375, 138, 9, 5, '10570.00'),
(1376, 138, 15, 6, '12030.00'),
(1377, 138, 16, 1, '11240.00'),
(1378, 138, 22, 2, '13420.00'),
(1379, 138, 28, 3, '13510.00'),
(1380, 138, 34, 4, '15540.00'),
(1381, 138, 40, 5, '16500.00'),
(1382, 138, 41, 6, '17170.00'),
(1383, 138, 47, 1, '19995.60'),
(1384, 139, 4, 2, '9740.00'),
(1385, 139, 10, 3, '10940.00'),
(1386, 139, 11, 4, '10910.00'),
(1387, 139, 17, 5, '10980.00'),
(1388, 139, 23, 6, '13520.00'),
(1389, 139, 29, 1, '14860.00'),
(1390, 139, 35, 2, '15020.00'),
(1391, 139, 36, 3, '15370.00'),
(1392, 139, 42, 4, '17340.00'),
(1393, 139, 48, 5, '19180.00'),
(1394, 140, 5, 6, '9910.00'),
(1395, 140, 6, 1, '9970.00'),
(1396, 140, 12, 2, '9670.00'),
(1397, 140, 18, 3, '12590.00'),
(1398, 140, 24, 4, '13460.00'),
(1399, 140, 30, 5, '15300.00'),
(1400, 140, 31, 6, '14880.00'),
(1401, 140, 37, 1, '16130.00'),
(1402, 140, 43, 2, '16530.00'),
(1403, 140, 46, 3, '17800.00'),
(1404, 141, 1, 4, '8670.00'),
(1405, 141, 7, 5, '10140.00'),
(1406, 141, 13, 6, '11220.00'),
(1407, 141, 19, 1, '11600.00'),
(1408, 141, 25, 2, '13450.00'),
(1409, 141, 26, 3, '13200.00'),
(1410, 141, 32, 4, '14200.00'),
(1411, 141, 38, 5, '16590.00'),
(1412, 141, 44, 6, '17450.00'),
(1413, 141, 47, 1, '22002.00'),
(1414, 142, 2, 2, '9190.00'),
(1415, 142, 8, 3, '11050.00'),
(1416, 142, 14, 4, '12290.00'),
(1417, 142, 20, 5, '11830.00'),
(1418, 142, 21, 6, '13010.00'),
(1419, 142, 27, 1, '13860.00'),
(1420, 142, 33, 2, '15360.00'),
(1421, 142, 39, 3, '17180.00'),
(1422, 142, 45, 4, '17880.00'),
(1423, 142, 46, 5, '18260.00'),
(1424, 143, 3, 6, '9240.00'),
(1425, 143, 9, 1, '10310.00'),
(1426, 143, 15, 2, '11670.00'),
(1427, 143, 16, 3, '11050.00'),
(1428, 143, 22, 4, '12060.00'),
(1429, 143, 28, 5, '14730.00'),
(1430, 143, 34, 6, '16430.00'),
(1431, 143, 40, 1, '17410.00'),
(1432, 143, 41, 2, '15620.00'),
(1433, 143, 47, 3, '19357.20'),
(1434, 144, 4, 4, '10280.00'),
(1435, 144, 10, 5, '9780.00'),
(1436, 144, 11, 6, '9630.00'),
(1437, 144, 17, 1, '12400.00'),
(1438, 144, 23, 2, '13910.00'),
(1439, 144, 29, 3, '14980.00'),
(1440, 144, 35, 4, '15310.00'),
(1441, 144, 36, 5, '16000.00'),
(1442, 144, 42, 6, '16650.00'),
(1443, 144, 48, 1, '19000.00'),
(1444, 145, 5, 2, '9430.00'),
(1445, 145, 6, 3, '9610.00'),
(1446, 145, 12, 4, '10370.00'),
(1447, 145, 18, 5, '11690.00'),
(1448, 145, 24, 6, '13120.00'),
(1449, 145, 30, 1, '14200.00'),
(1450, 145, 31, 2, '15230.00'),
(1451, 145, 37, 3, '14690.00'),
(1452, 145, 43, 4, '16930.00'),
(1453, 145, 46, 5, '18860.00'),
(1454, 146, 1, 6, '8330.00'),
(1455, 146, 7, 1, '9150.00'),
(1456, 146, 13, 2, '11470.00'),
(1457, 146, 19, 3, '12690.00'),
(1458, 146, 25, 4, '13370.00'),
(1459, 146, 26, 5, '14030.00'),
(1460, 146, 32, 6, '14860.00'),
(1461, 146, 38, 1, '15950.00'),
(1462, 146, 44, 2, '16680.00'),
(1463, 146, 47, 3, '21660.00'),
(1464, 147, 2, 4, '8300.00'),
(1465, 147, 8, 5, '10670.00'),
(1466, 147, 14, 6, '11530.00'),
(1467, 147, 20, 1, '13410.00'),
(1468, 147, 21, 2, '12070.00'),
(1469, 147, 27, 3, '13720.00'),
(1470, 147, 33, 4, '14600.00'),
(1471, 147, 39, 5, '15720.00'),
(1472, 147, 45, 6, '18290.00'),
(1473, 147, 46, 1, '16830.00'),
(1474, 148, 3, 2, '10260.00'),
(1475, 148, 9, 3, '9650.00'),
(1476, 148, 15, 4, '11090.00'),
(1477, 148, 16, 5, '11710.00'),
(1478, 148, 22, 6, '11940.00'),
(1479, 148, 28, 1, '13980.00'),
(1480, 148, 34, 2, '14750.00'),
(1481, 148, 40, 3, '16390.00'),
(1482, 148, 41, 4, '17280.00'),
(1483, 148, 47, 5, '18958.20'),
(1484, 149, 4, 6, '10330.00'),
(1485, 149, 10, 1, '11480.00'),
(1486, 149, 11, 2, '10450.00'),
(1487, 149, 17, 3, '12010.00'),
(1488, 149, 23, 4, '12510.00'),
(1489, 149, 29, 5, '15430.00'),
(1490, 149, 35, 6, '15620.00'),
(1491, 149, 36, 1, '16180.00'),
(1492, 149, 42, 2, '16130.00'),
(1493, 149, 48, 3, '18470.00'),
(1494, 150, 5, 4, '10450.00'),
(1495, 150, 6, 5, '10160.00'),
(1496, 150, 12, 6, '10210.00'),
(1497, 150, 18, 1, '11720.00'),
(1498, 150, 24, 2, '13960.00'),
(1499, 150, 30, 3, '14490.00'),
(1500, 150, 31, 4, '15270.00'),
(1501, 150, 37, 5, '16470.00'),
(1502, 150, 43, 6, '17130.00'),
(1503, 150, 46, 1, '19130.00'),
(1504, 151, 1, 1, '8480.00'),
(1505, 151, 7, 2, '8930.00'),
(1506, 151, 13, 3, '11650.00'),
(1507, 151, 19, 4, '13150.00'),
(1508, 151, 25, 5, '13150.00'),
(1509, 151, 26, 6, '14220.00'),
(1510, 151, 32, 1, '13730.00'),
(1511, 151, 38, 2, '16140.00'),
(1512, 151, 44, 3, '17040.00'),
(1513, 151, 47, 4, '21853.80'),
(1514, 152, 2, 5, '8740.00'),
(1515, 152, 8, 6, '11480.00'),
(1516, 152, 14, 1, '12130.00'),
(1517, 152, 20, 2, '12520.00'),
(1518, 152, 21, 3, '12200.00'),
(1519, 152, 27, 4, '12550.00'),
(1520, 152, 33, 5, '15500.00'),
(1521, 152, 39, 6, '17380.00'),
(1522, 152, 45, 1, '17790.00'),
(1523, 152, 46, 2, '17470.00'),
(1524, 153, 3, 3, '10480.00'),
(1525, 153, 9, 4, '9690.00'),
(1526, 153, 15, 5, '11370.00'),
(1527, 153, 16, 6, '11190.00'),
(1528, 153, 22, 1, '13140.00'),
(1529, 153, 28, 2, '15240.00'),
(1530, 153, 34, 3, '15020.00'),
(1531, 153, 40, 4, '17240.00'),
(1532, 153, 41, 5, '16970.00'),
(1533, 153, 47, 6, '20371.80'),
(1534, 154, 4, 1, '9750.00'),
(1535, 154, 10, 2, '10380.00'),
(1536, 154, 11, 3, '11010.00'),
(1537, 154, 17, 4, '11030.00'),
(1538, 154, 23, 5, '13900.00'),
(1539, 154, 29, 6, '15360.00'),
(1540, 154, 35, 1, '15130.00'),
(1541, 154, 36, 2, '14890.00'),
(1542, 154, 42, 3, '16380.00'),
(1543, 154, 48, 4, '17790.00'),
(1544, 155, 5, 5, '8740.00'),
(1545, 155, 6, 6, '8620.00'),
(1546, 155, 12, 1, '11180.00'),
(1547, 155, 18, 2, '11960.00'),
(1548, 155, 24, 3, '13550.00'),
(1549, 155, 30, 4, '14450.00'),
(1550, 155, 31, 5, '13740.00'),
(1551, 155, 37, 6, '15850.00'),
(1552, 155, 43, 1, '16860.00'),
(1553, 155, 46, 2, '18710.00'),
(1554, 156, 1, 3, '7740.00'),
(1555, 156, 7, 4, '9600.00'),
(1556, 156, 13, 5, '12360.00'),
(1557, 156, 19, 6, '12440.00'),
(1558, 156, 25, 1, '13200.00'),
(1559, 156, 26, 2, '13000.00'),
(1560, 156, 32, 3, '14630.00'),
(1561, 156, 38, 4, '17290.00'),
(1562, 156, 44, 5, '17640.00'),
(1563, 156, 47, 6, '20748.00'),
(1564, 157, 2, 1, '8670.00'),
(1565, 157, 8, 2, '9700.00'),
(1566, 157, 14, 3, '12390.00'),
(1567, 157, 20, 4, '12920.00'),
(1568, 157, 21, 5, '13440.00'),
(1569, 157, 27, 6, '12580.00'),
(1570, 157, 33, 1, '15490.00'),
(1571, 157, 39, 2, '15560.00'),
(1572, 157, 45, 3, '17070.00'),
(1573, 157, 46, 4, '18120.00'),
(1574, 158, 3, 5, '10130.00'),
(1575, 158, 9, 6, '10850.00'),
(1576, 158, 15, 1, '11220.00'),
(1577, 158, 16, 2, '11920.00'),
(1578, 158, 22, 3, '11640.00'),
(1579, 158, 28, 4, '15090.00'),
(1580, 158, 34, 5, '15690.00'),
(1581, 158, 40, 6, '17380.00'),
(1582, 158, 41, 1, '15720.00'),
(1583, 158, 47, 2, '19471.20'),
(1584, 159, 4, 3, '10200.00'),
(1585, 159, 10, 4, '10780.00'),
(1586, 159, 11, 5, '10740.00'),
(1587, 159, 17, 6, '11030.00'),
(1588, 159, 23, 1, '12590.00'),
(1589, 159, 29, 2, '15000.00'),
(1590, 159, 35, 3, '15140.00'),
(1591, 159, 36, 4, '15740.00'),
(1592, 159, 42, 5, '16380.00'),
(1593, 159, 48, 6, '18170.00'),
(1594, 160, 5, 1, '8570.00'),
(1595, 160, 6, 2, '10330.00'),
(1596, 160, 12, 3, '9840.00'),
(1597, 160, 18, 4, '12110.00'),
(1598, 160, 24, 5, '13240.00'),
(1599, 160, 30, 6, '15230.00'),
(1600, 160, 31, 1, '14630.00'),
(1601, 160, 37, 2, '16410.00'),
(1602, 160, 43, 3, '16770.00'),
(1603, 160, 46, 4, '17810.00'),
(1604, 161, 1, 5, '8430.00'),
(1605, 161, 7, 6, '10460.00'),
(1606, 161, 13, 1, '10530.00'),
(1607, 161, 19, 2, '12640.00'),
(1608, 161, 25, 3, '14080.00'),
(1609, 161, 26, 4, '14330.00'),
(1610, 161, 32, 5, '14550.00'),
(1611, 161, 38, 6, '15570.00'),
(1612, 161, 44, 1, '17170.00'),
(1613, 161, 47, 2, '21477.60'),
(1614, 162, 2, 3, '8120.00'),
(1615, 162, 8, 4, '11020.00'),
(1616, 162, 14, 5, '10890.00'),
(1617, 162, 20, 6, '11790.00'),
(1618, 162, 21, 1, '12630.00'),
(1619, 162, 27, 2, '13430.00'),
(1620, 162, 33, 3, '15500.00'),
(1621, 162, 39, 4, '17110.00'),
(1622, 162, 45, 5, '17450.00'),
(1623, 162, 46, 6, '17310.00'),
(1624, 163, 3, 1, '9720.00'),
(1625, 163, 9, 2, '11310.00'),
(1626, 163, 15, 3, '11050.00'),
(1627, 163, 16, 4, '10580.00'),
(1628, 163, 22, 5, '12000.00'),
(1629, 163, 28, 6, '14240.00'),
(1630, 163, 34, 1, '15110.00'),
(1631, 163, 40, 2, '16210.00'),
(1632, 163, 41, 3, '15820.00'),
(1633, 163, 47, 4, '19573.80'),
(1634, 164, 4, 5, '9700.00'),
(1635, 164, 10, 6, '10200.00'),
(1636, 164, 11, 1, '10670.00'),
(1637, 164, 17, 2, '11200.00'),
(1638, 164, 23, 3, '13800.00'),
(1639, 164, 29, 4, '13960.00'),
(1640, 164, 35, 5, '16100.00'),
(1641, 164, 36, 6, '14750.00'),
(1642, 164, 42, 1, '15960.00'),
(1643, 164, 48, 2, '18810.00'),
(1644, 165, 5, 3, '10190.00'),
(1645, 165, 6, 4, '9370.00'),
(1646, 165, 12, 5, '10210.00'),
(1647, 165, 18, 6, '11560.00'),
(1648, 165, 24, 1, '12780.00'),
(1649, 165, 30, 2, '15490.00'),
(1650, 165, 31, 3, '14280.00'),
(1651, 165, 37, 4, '14880.00'),
(1652, 165, 43, 5, '17950.00'),
(1653, 165, 46, 6, '17520.00'),
(1654, 166, 1, 2, '9390.00'),
(1655, 166, 7, 3, '10460.00'),
(1656, 166, 13, 4, '10760.00'),
(1657, 166, 19, 5, '13030.00'),
(1658, 166, 25, 6, '14310.00'),
(1659, 166, 26, 1, '12620.00'),
(1660, 166, 32, 2, '14410.00'),
(1661, 166, 38, 3, '17440.00'),
(1662, 166, 44, 4, '16530.00'),
(1663, 166, 47, 5, '21477.60'),
(1664, 167, 2, 6, '7940.00'),
(1665, 167, 8, 1, '9850.00'),
(1666, 167, 14, 2, '11400.00'),
(1667, 167, 20, 3, '13280.00'),
(1668, 167, 21, 4, '12590.00'),
(1669, 167, 27, 5, '13810.00'),
(1670, 167, 33, 6, '14870.00'),
(1671, 167, 39, 1, '15920.00'),
(1672, 167, 45, 2, '17610.00'),
(1673, 167, 46, 3, '17160.00'),
(1674, 168, 3, 4, '9390.00'),
(1675, 168, 9, 5, '10770.00'),
(1676, 168, 15, 6, '11500.00'),
(1677, 168, 16, 1, '11540.00'),
(1678, 168, 22, 2, '12980.00'),
(1679, 168, 28, 3, '14400.00'),
(1680, 168, 34, 4, '14560.00'),
(1681, 168, 40, 5, '17410.00'),
(1682, 168, 41, 6, '17000.00'),
(1683, 168, 47, 1, '20816.40'),
(1684, 169, 4, 2, '8890.00'),
(1685, 169, 10, 3, '10710.00'),
(1686, 169, 11, 4, '10750.00'),
(1687, 169, 17, 5, '10980.00'),
(1688, 169, 23, 6, '14130.00'),
(1689, 169, 29, 1, '15120.00'),
(1690, 169, 35, 2, '14800.00'),
(1691, 169, 36, 3, '15530.00'),
(1692, 169, 42, 4, '16950.00'),
(1693, 169, 48, 5, '17910.00'),
(1694, 170, 5, 6, '10410.00'),
(1695, 170, 6, 1, '10290.00'),
(1696, 170, 12, 2, '10880.00'),
(1697, 170, 18, 3, '13290.00'),
(1698, 170, 24, 4, '12700.00'),
(1699, 170, 30, 5, '15220.00'),
(1700, 170, 31, 6, '14940.00'),
(1701, 170, 37, 1, '15590.00'),
(1702, 170, 43, 2, '18300.00'),
(1703, 170, 46, 3, '19300.00'),
(1704, 171, 1, 4, '8850.00'),
(1705, 171, 7, 5, '9970.00'),
(1706, 171, 13, 6, '12360.00'),
(1707, 171, 19, 1, '11850.00'),
(1708, 171, 25, 2, '14050.00'),
(1709, 171, 26, 3, '14260.00'),
(1710, 171, 32, 4, '14920.00'),
(1711, 171, 38, 5, '16490.00'),
(1712, 171, 44, 6, '16600.00'),
(1713, 171, 47, 1, '21705.60'),
(1714, 172, 2, 2, '8200.00'),
(1715, 172, 8, 3, '10950.00'),
(1716, 172, 14, 4, '12150.00'),
(1717, 172, 20, 5, '12490.00'),
(1718, 172, 21, 6, '11510.00'),
(1719, 172, 27, 1, '12680.00'),
(1720, 172, 33, 2, '15970.00'),
(1721, 172, 39, 3, '15770.00'),
(1722, 172, 45, 4, '18040.00'),
(1723, 172, 46, 5, '16980.00'),
(1724, 173, 3, 6, '9300.00'),
(1725, 173, 9, 1, '10310.00'),
(1726, 173, 15, 2, '10780.00'),
(1727, 173, 16, 3, '11210.00'),
(1728, 173, 22, 4, '13200.00'),
(1729, 173, 28, 5, '13510.00'),
(1730, 173, 34, 6, '14510.00'),
(1731, 173, 40, 1, '16920.00'),
(1732, 173, 41, 2, '17350.00'),
(1733, 173, 47, 3, '19277.40'),
(1734, 174, 4, 4, '10170.00'),
(1735, 174, 10, 5, '10490.00'),
(1736, 174, 11, 6, '9830.00'),
(1737, 174, 17, 1, '11900.00'),
(1738, 174, 23, 2, '12770.00'),
(1739, 174, 29, 3, '15170.00'),
(1740, 174, 35, 4, '15160.00'),
(1741, 174, 36, 5, '15010.00'),
(1742, 174, 42, 6, '16450.00'),
(1743, 174, 48, 1, '18390.00'),
(1744, 175, 5, 2, '10280.00'),
(1745, 175, 6, 3, '9990.00'),
(1746, 175, 12, 4, '10180.00'),
(1747, 175, 18, 5, '12040.00'),
(1748, 175, 24, 6, '14060.00'),
(1749, 175, 30, 1, '13710.00'),
(1750, 175, 31, 2, '14440.00'),
(1751, 175, 37, 3, '14970.00'),
(1752, 175, 43, 4, '17790.00'),
(1753, 175, 46, 5, '19000.00'),
(1754, 176, 1, 6, '7760.00'),
(1755, 176, 7, 1, '9380.00');
INSERT INTO `vehicule` (`vehiculeId`, `agenceId`, `modeleId`, `finitionId`, `prix`) VALUES
(1756, 176, 13, 2, '10710.00'),
(1757, 176, 19, 3, '11700.00'),
(1758, 176, 25, 4, '13510.00'),
(1759, 176, 26, 5, '12840.00'),
(1760, 176, 32, 6, '15270.00'),
(1761, 176, 38, 1, '16930.00'),
(1762, 176, 44, 2, '16730.00'),
(1763, 176, 47, 3, '21774.00'),
(1764, 177, 2, 4, '9490.00'),
(1765, 177, 8, 5, '11150.00'),
(1766, 177, 14, 6, '12240.00'),
(1767, 177, 20, 1, '13330.00'),
(1768, 177, 21, 2, '13260.00'),
(1769, 177, 27, 3, '14160.00'),
(1770, 177, 33, 4, '15560.00'),
(1771, 177, 39, 5, '17070.00'),
(1772, 177, 45, 6, '17780.00'),
(1773, 177, 46, 1, '17490.00'),
(1774, 178, 3, 2, '8830.00'),
(1775, 178, 9, 3, '10360.00'),
(1776, 178, 15, 4, '11970.00'),
(1777, 178, 16, 5, '12330.00'),
(1778, 178, 22, 6, '13190.00'),
(1779, 178, 28, 1, '13680.00'),
(1780, 178, 34, 2, '16300.00'),
(1781, 178, 40, 3, '16100.00'),
(1782, 178, 41, 4, '16470.00'),
(1783, 178, 47, 5, '20873.40'),
(1784, 179, 4, 6, '10050.00'),
(1785, 179, 10, 1, '10830.00'),
(1786, 179, 11, 2, '10830.00'),
(1787, 179, 17, 3, '11610.00'),
(1788, 179, 23, 4, '13730.00'),
(1789, 179, 29, 5, '15300.00'),
(1790, 179, 35, 6, '16260.00'),
(1791, 179, 36, 1, '16270.00'),
(1792, 179, 42, 2, '16550.00'),
(1793, 179, 48, 3, '19170.00'),
(1794, 180, 5, 4, '8510.00'),
(1795, 180, 6, 5, '9620.00'),
(1796, 180, 12, 6, '10020.00'),
(1797, 180, 18, 1, '13450.00'),
(1798, 180, 24, 2, '13260.00'),
(1799, 180, 30, 3, '14870.00'),
(1800, 180, 31, 4, '15360.00'),
(1801, 180, 37, 5, '15350.00'),
(1802, 180, 43, 6, '16660.00'),
(1803, 180, 46, 1, '18220.00'),
(1804, 181, 1, 1, '8820.00'),
(1805, 181, 7, 2, '10000.00'),
(1806, 181, 13, 3, '10970.00'),
(1807, 181, 19, 4, '12920.00'),
(1808, 181, 25, 5, '13900.00'),
(1809, 181, 26, 6, '14380.00'),
(1810, 181, 32, 1, '14160.00'),
(1811, 181, 38, 2, '17330.00'),
(1812, 181, 44, 3, '17920.00'),
(1813, 181, 47, 4, '20713.80'),
(1814, 182, 2, 5, '9270.00'),
(1815, 182, 8, 6, '11260.00'),
(1816, 182, 14, 1, '11080.00'),
(1817, 182, 20, 2, '13390.00'),
(1818, 182, 21, 3, '13470.00'),
(1819, 182, 27, 4, '13510.00'),
(1820, 182, 33, 5, '16120.00'),
(1821, 182, 39, 6, '15900.00'),
(1822, 182, 45, 1, '17870.00'),
(1823, 182, 46, 2, '17230.00'),
(1824, 183, 3, 3, '9400.00'),
(1825, 183, 9, 4, '10900.00'),
(1826, 183, 15, 5, '11420.00'),
(1827, 183, 16, 6, '10550.00'),
(1828, 183, 22, 1, '13380.00'),
(1829, 183, 28, 2, '14620.00'),
(1830, 183, 34, 3, '15270.00'),
(1831, 183, 40, 4, '15550.00'),
(1832, 183, 41, 5, '17200.00'),
(1833, 183, 47, 6, '21090.00'),
(1834, 184, 4, 1, '10270.00'),
(1835, 184, 10, 2, '9710.00'),
(1836, 184, 11, 3, '10730.00'),
(1837, 184, 17, 4, '12050.00'),
(1838, 184, 23, 5, '12980.00'),
(1839, 184, 29, 6, '14920.00'),
(1840, 184, 35, 1, '15040.00'),
(1841, 184, 36, 2, '15840.00'),
(1842, 184, 42, 3, '16590.00'),
(1843, 184, 48, 4, '17730.00'),
(1844, 185, 5, 5, '9330.00'),
(1845, 185, 6, 6, '9580.00'),
(1846, 185, 12, 1, '9700.00'),
(1847, 185, 18, 2, '13080.00'),
(1848, 185, 24, 3, '14360.00'),
(1849, 185, 30, 4, '13700.00'),
(1850, 185, 31, 5, '15090.00'),
(1851, 185, 37, 6, '16400.00'),
(1852, 185, 43, 1, '16670.00'),
(1853, 185, 46, 2, '18420.00'),
(1854, 186, 1, 3, '8780.00'),
(1855, 186, 7, 4, '9510.00'),
(1856, 186, 13, 5, '11560.00'),
(1857, 186, 19, 6, '12400.00'),
(1858, 186, 25, 1, '14150.00'),
(1859, 186, 26, 2, '13110.00'),
(1860, 186, 32, 3, '13580.00'),
(1861, 186, 38, 4, '15540.00'),
(1862, 186, 44, 5, '16680.00'),
(1863, 186, 47, 6, '21956.40'),
(1864, 187, 2, 1, '7570.00'),
(1865, 187, 8, 2, '9820.00'),
(1866, 187, 14, 3, '10810.00'),
(1867, 187, 20, 4, '11920.00'),
(1868, 187, 21, 5, '12650.00'),
(1869, 187, 27, 6, '13020.00'),
(1870, 187, 33, 1, '16020.00'),
(1871, 187, 39, 2, '17170.00'),
(1872, 187, 45, 3, '17500.00'),
(1873, 187, 46, 4, '17090.00'),
(1874, 188, 3, 5, '9690.00'),
(1875, 188, 9, 6, '11110.00'),
(1876, 188, 15, 1, '10960.00'),
(1877, 188, 16, 2, '11490.00'),
(1878, 188, 22, 3, '12810.00'),
(1879, 188, 28, 4, '14120.00'),
(1880, 188, 34, 5, '15070.00'),
(1881, 188, 40, 6, '15980.00'),
(1882, 188, 41, 1, '16800.00'),
(1883, 188, 47, 2, '20645.40'),
(1884, 189, 4, 3, '10350.00'),
(1885, 189, 10, 4, '10880.00'),
(1886, 189, 11, 5, '10330.00'),
(1887, 189, 17, 6, '11130.00'),
(1888, 189, 23, 1, '12890.00'),
(1889, 189, 29, 2, '14540.00'),
(1890, 189, 35, 3, '15630.00'),
(1891, 189, 36, 4, '16150.00'),
(1892, 189, 42, 5, '17070.00'),
(1893, 189, 48, 6, '18580.00'),
(1894, 190, 5, 1, '8810.00'),
(1895, 190, 6, 2, '8600.00'),
(1896, 190, 12, 3, '10050.00'),
(1897, 190, 18, 4, '13290.00'),
(1898, 190, 24, 5, '13100.00'),
(1899, 190, 30, 6, '14150.00'),
(1900, 190, 31, 1, '13670.00'),
(1901, 190, 37, 2, '15460.00'),
(1902, 190, 43, 3, '17580.00'),
(1903, 190, 46, 4, '18920.00'),
(1904, 191, 1, 5, '8640.00'),
(1905, 191, 7, 6, '8760.00'),
(1906, 191, 13, 1, '11610.00'),
(1907, 191, 19, 2, '12380.00'),
(1908, 191, 25, 3, '14370.00'),
(1909, 191, 26, 4, '13610.00'),
(1910, 191, 32, 5, '13740.00'),
(1911, 191, 38, 6, '16560.00'),
(1912, 191, 44, 1, '18050.00'),
(1913, 191, 47, 2, '21021.60'),
(1914, 192, 2, 3, '8890.00'),
(1915, 192, 8, 4, '10540.00'),
(1916, 192, 14, 5, '12330.00'),
(1917, 192, 20, 6, '11820.00'),
(1918, 192, 21, 1, '13300.00'),
(1919, 192, 27, 2, '14210.00'),
(1920, 192, 33, 3, '14790.00'),
(1921, 192, 39, 4, '15900.00'),
(1922, 192, 45, 5, '17380.00'),
(1923, 192, 46, 6, '17570.00'),
(1924, 193, 3, 1, '9850.00'),
(1925, 193, 9, 2, '10010.00'),
(1926, 193, 15, 3, '11110.00'),
(1927, 193, 16, 4, '10500.00'),
(1928, 193, 22, 5, '13010.00'),
(1929, 193, 28, 6, '14330.00'),
(1930, 193, 34, 1, '15640.00'),
(1931, 193, 40, 2, '15830.00'),
(1932, 193, 41, 3, '16240.00'),
(1933, 193, 47, 4, '19186.20'),
(1934, 194, 4, 5, '9240.00'),
(1935, 194, 10, 6, '10250.00'),
(1936, 194, 11, 1, '10260.00'),
(1937, 194, 17, 2, '11450.00'),
(1938, 194, 23, 3, '12970.00'),
(1939, 194, 29, 4, '14790.00'),
(1940, 194, 35, 5, '16350.00'),
(1941, 194, 36, 6, '15050.00'),
(1942, 194, 42, 1, '16480.00'),
(1943, 194, 48, 2, '18770.00'),
(1944, 195, 5, 3, '9680.00'),
(1945, 195, 6, 4, '9540.00'),
(1946, 195, 12, 5, '9610.00'),
(1947, 195, 18, 6, '13240.00'),
(1948, 195, 24, 1, '14430.00'),
(1949, 195, 30, 2, '14470.00'),
(1950, 195, 31, 3, '13750.00'),
(1951, 195, 37, 4, '16100.00'),
(1952, 195, 43, 5, '18150.00'),
(1953, 195, 46, 6, '18220.00'),
(1954, 196, 1, 2, '7680.00'),
(1955, 196, 7, 3, '9310.00'),
(1956, 196, 13, 4, '11320.00'),
(1957, 196, 19, 5, '13200.00'),
(1958, 196, 25, 6, '14390.00'),
(1959, 196, 26, 1, '14040.00'),
(1960, 196, 32, 2, '15000.00'),
(1961, 196, 38, 3, '17410.00'),
(1962, 196, 44, 4, '18500.00'),
(1963, 196, 47, 5, '21033.00'),
(1964, 197, 2, 6, '8370.00'),
(1965, 197, 8, 1, '10950.00'),
(1966, 197, 14, 2, '12160.00'),
(1967, 197, 20, 3, '13330.00'),
(1968, 197, 21, 4, '12030.00'),
(1969, 197, 27, 5, '14150.00'),
(1970, 197, 33, 6, '14620.00'),
(1971, 197, 39, 1, '16450.00'),
(1972, 197, 45, 2, '18130.00'),
(1973, 197, 46, 3, '17150.00'),
(1974, 198, 3, 4, '8580.00'),
(1975, 198, 9, 5, '10160.00'),
(1976, 198, 15, 6, '11210.00'),
(1977, 198, 16, 1, '10700.00'),
(1978, 198, 22, 2, '12390.00'),
(1979, 198, 28, 3, '15380.00'),
(1980, 198, 34, 4, '15250.00'),
(1981, 198, 40, 5, '17380.00'),
(1982, 198, 41, 6, '17150.00'),
(1983, 198, 47, 1, '18924.00'),
(1984, 199, 4, 2, '8690.00'),
(1985, 199, 10, 3, '9880.00'),
(1986, 199, 11, 4, '10240.00'),
(1987, 199, 17, 5, '11190.00'),
(1988, 199, 23, 6, '13510.00'),
(1989, 199, 29, 1, '15410.00'),
(1990, 199, 35, 2, '16130.00'),
(1991, 199, 36, 3, '15880.00'),
(1992, 199, 42, 4, '16050.00'),
(1993, 199, 48, 5, '18520.00'),
(1994, 200, 5, 6, '10170.00'),
(1995, 200, 6, 1, '8610.00'),
(1996, 200, 12, 2, '10940.00'),
(1997, 200, 18, 3, '13440.00'),
(1998, 200, 24, 4, '14010.00'),
(1999, 200, 30, 5, '14770.00'),
(2000, 200, 31, 6, '14340.00'),
(2001, 200, 37, 1, '15870.00'),
(2002, 200, 43, 2, '17990.00'),
(2003, 200, 46, 3, '19200.00'),
(2004, 201, 1, 4, '8140.00'),
(2005, 201, 7, 5, '9410.00'),
(2006, 201, 13, 6, '12400.00'),
(2007, 201, 19, 1, '11620.00'),
(2008, 201, 25, 2, '12780.00'),
(2009, 201, 26, 3, '12800.00'),
(2010, 201, 32, 4, '13870.00'),
(2011, 201, 38, 5, '15650.00'),
(2012, 201, 44, 6, '17440.00'),
(2013, 201, 47, 1, '21409.20'),
(2014, 202, 2, 2, '8420.00'),
(2015, 202, 8, 3, '10810.00'),
(2016, 202, 14, 4, '11970.00'),
(2017, 202, 20, 5, '11710.00'),
(2018, 202, 21, 6, '12700.00'),
(2019, 202, 27, 1, '14460.00'),
(2020, 202, 33, 2, '14660.00'),
(2021, 202, 39, 3, '15690.00'),
(2022, 202, 45, 4, '17630.00'),
(2023, 202, 46, 5, '17790.00'),
(2024, 203, 3, 6, '8570.00'),
(2025, 203, 9, 1, '11310.00'),
(2026, 203, 15, 2, '12050.00'),
(2027, 203, 16, 3, '10550.00'),
(2028, 203, 22, 4, '13410.00'),
(2029, 203, 28, 5, '15260.00'),
(2030, 203, 34, 6, '15410.00'),
(2031, 203, 40, 1, '15980.00'),
(2032, 203, 41, 2, '17110.00'),
(2033, 203, 47, 3, '19129.20'),
(2034, 204, 4, 4, '9800.00'),
(2035, 204, 10, 5, '10950.00'),
(2036, 204, 11, 6, '11330.00'),
(2037, 204, 17, 1, '12470.00'),
(2038, 204, 23, 2, '13580.00'),
(2039, 204, 29, 3, '13530.00'),
(2040, 204, 35, 4, '15730.00'),
(2041, 204, 36, 5, '14970.00'),
(2042, 204, 42, 6, '15920.00'),
(2043, 204, 48, 1, '18330.00'),
(2044, 205, 5, 2, '10130.00'),
(2045, 205, 6, 3, '9500.00'),
(2046, 205, 12, 4, '11110.00'),
(2047, 205, 18, 5, '13290.00'),
(2048, 205, 24, 6, '13060.00'),
(2049, 205, 30, 1, '14140.00'),
(2050, 205, 31, 2, '14350.00'),
(2051, 205, 37, 3, '15080.00'),
(2052, 205, 43, 4, '17110.00'),
(2053, 205, 46, 5, '17670.00'),
(2054, 206, 1, 6, '8200.00'),
(2055, 206, 7, 1, '9000.00'),
(2056, 206, 13, 2, '11100.00'),
(2057, 206, 19, 3, '11800.00'),
(2058, 206, 25, 4, '13780.00'),
(2059, 206, 26, 5, '12790.00'),
(2060, 206, 32, 6, '15300.00'),
(2061, 206, 38, 1, '15830.00'),
(2062, 206, 44, 2, '18220.00'),
(2063, 206, 47, 3, '20178.00'),
(2064, 207, 2, 4, '7730.00'),
(2065, 207, 8, 5, '10800.00'),
(2066, 207, 14, 6, '11340.00'),
(2067, 207, 20, 1, '12460.00'),
(2068, 207, 21, 2, '12270.00'),
(2069, 207, 27, 3, '12910.00'),
(2070, 207, 33, 4, '14680.00'),
(2071, 207, 39, 5, '17450.00'),
(2072, 207, 45, 6, '18460.00'),
(2073, 207, 46, 1, '17580.00'),
(2074, 208, 3, 2, '9330.00'),
(2075, 208, 9, 3, '9730.00'),
(2076, 208, 15, 4, '11730.00'),
(2077, 208, 16, 5, '12220.00'),
(2078, 208, 22, 6, '12270.00'),
(2079, 208, 28, 1, '14370.00'),
(2080, 208, 34, 2, '14720.00'),
(2081, 208, 40, 3, '16870.00'),
(2082, 208, 41, 4, '17310.00'),
(2083, 208, 47, 5, '18889.80'),
(2084, 209, 4, 6, '10160.00'),
(2085, 209, 10, 1, '11210.00'),
(2086, 209, 11, 2, '11190.00'),
(2087, 209, 17, 3, '11200.00'),
(2088, 209, 23, 4, '13780.00'),
(2089, 209, 29, 5, '14390.00'),
(2090, 209, 35, 6, '15710.00'),
(2091, 209, 36, 1, '14630.00'),
(2092, 209, 42, 2, '16500.00'),
(2093, 209, 48, 3, '17570.00'),
(2094, 210, 5, 4, '8570.00'),
(2095, 210, 6, 5, '10460.00'),
(2096, 210, 12, 6, '9650.00'),
(2097, 210, 18, 1, '12020.00'),
(2098, 210, 24, 2, '13840.00'),
(2099, 210, 30, 3, '14600.00'),
(2100, 210, 31, 4, '13990.00'),
(2101, 210, 37, 5, '16500.00'),
(2102, 210, 43, 6, '17980.00'),
(2103, 210, 46, 1, '18290.00'),
(2104, 211, 1, 1, '9370.00'),
(2105, 211, 7, 2, '9590.00'),
(2106, 211, 13, 3, '11110.00'),
(2107, 211, 19, 4, '12060.00'),
(2108, 211, 25, 5, '13800.00'),
(2109, 211, 26, 6, '14210.00'),
(2110, 211, 32, 1, '15240.00'),
(2111, 211, 38, 2, '16520.00'),
(2112, 211, 44, 3, '16990.00'),
(2113, 211, 47, 4, '21318.00'),
(2114, 212, 2, 5, '7910.00'),
(2115, 212, 8, 6, '11220.00'),
(2116, 212, 14, 1, '11580.00'),
(2117, 212, 20, 2, '13200.00'),
(2118, 212, 21, 3, '11650.00'),
(2119, 212, 27, 4, '12910.00'),
(2120, 212, 33, 5, '14660.00'),
(2121, 212, 39, 6, '15560.00'),
(2122, 212, 45, 1, '17950.00'),
(2123, 212, 46, 2, '17820.00'),
(2124, 213, 3, 3, '9200.00'),
(2125, 213, 9, 4, '11270.00'),
(2126, 213, 15, 5, '11050.00'),
(2127, 213, 16, 6, '11050.00'),
(2128, 213, 22, 1, '11670.00'),
(2129, 213, 28, 2, '15150.00'),
(2130, 213, 34, 3, '14890.00'),
(2131, 213, 40, 4, '17300.00'),
(2132, 213, 41, 5, '16820.00'),
(2133, 213, 47, 6, '20862.00'),
(2134, 214, 4, 1, '10460.00'),
(2135, 214, 10, 2, '9760.00'),
(2136, 214, 11, 3, '10350.00'),
(2137, 214, 17, 4, '11270.00'),
(2138, 214, 23, 5, '12970.00'),
(2139, 214, 29, 6, '14350.00'),
(2140, 214, 35, 1, '14690.00'),
(2141, 214, 36, 2, '15450.00'),
(2142, 214, 42, 3, '16480.00'),
(2143, 214, 48, 4, '17950.00'),
(2144, 215, 5, 5, '8590.00'),
(2145, 215, 6, 6, '10140.00'),
(2146, 215, 12, 1, '10840.00'),
(2147, 215, 18, 2, '12760.00'),
(2148, 215, 24, 3, '13750.00'),
(2149, 215, 30, 4, '15170.00'),
(2150, 215, 31, 5, '13870.00'),
(2151, 215, 37, 6, '15350.00'),
(2152, 215, 43, 1, '17700.00'),
(2153, 215, 46, 2, '18870.00'),
(2154, 216, 1, 3, '7510.00'),
(2155, 216, 7, 4, '8840.00'),
(2156, 216, 13, 5, '12160.00'),
(2157, 216, 19, 6, '12230.00'),
(2158, 216, 25, 1, '14180.00'),
(2159, 216, 26, 2, '12890.00'),
(2160, 216, 32, 3, '14860.00'),
(2161, 216, 38, 4, '16390.00'),
(2162, 216, 44, 5, '18070.00'),
(2163, 216, 47, 6, '21842.40'),
(2164, 217, 2, 1, '8720.00'),
(2165, 217, 8, 2, '9950.00'),
(2166, 217, 14, 3, '11530.00'),
(2167, 217, 20, 4, '11880.00'),
(2168, 217, 21, 5, '11950.00'),
(2169, 217, 27, 6, '14050.00'),
(2170, 217, 33, 1, '15170.00'),
(2171, 217, 39, 2, '15760.00'),
(2172, 217, 45, 3, '17050.00'),
(2173, 217, 46, 4, '17310.00'),
(2174, 218, 3, 5, '9280.00'),
(2175, 218, 9, 6, '9900.00'),
(2176, 218, 15, 1, '11990.00'),
(2177, 218, 16, 2, '11350.00'),
(2178, 218, 22, 3, '12400.00'),
(2179, 218, 28, 4, '15170.00'),
(2180, 218, 34, 5, '15200.00'),
(2181, 218, 40, 6, '16690.00'),
(2182, 218, 41, 1, '16950.00'),
(2183, 218, 47, 2, '18912.60'),
(2184, 219, 4, 3, '9190.00'),
(2185, 219, 10, 4, '10940.00'),
(2186, 219, 11, 5, '11180.00'),
(2187, 219, 17, 6, '11840.00'),
(2188, 219, 23, 1, '14360.00'),
(2189, 219, 29, 2, '14100.00'),
(2190, 219, 35, 3, '16070.00'),
(2191, 219, 36, 4, '15160.00'),
(2192, 219, 42, 5, '15990.00'),
(2193, 219, 48, 6, '17910.00'),
(2194, 220, 5, 1, '9450.00'),
(2195, 220, 6, 2, '9450.00'),
(2196, 220, 12, 3, '10640.00'),
(2197, 220, 18, 4, '11520.00'),
(2198, 220, 24, 5, '13310.00'),
(2199, 220, 30, 6, '13980.00'),
(2200, 220, 31, 1, '15470.00'),
(2201, 220, 37, 2, '16320.00'),
(2202, 220, 43, 3, '16710.00'),
(2203, 220, 46, 4, '19200.00'),
(2204, 221, 1, 5, '7620.00'),
(2205, 221, 7, 6, '9760.00'),
(2206, 221, 13, 1, '11790.00'),
(2207, 221, 19, 2, '13190.00'),
(2208, 221, 25, 3, '13250.00'),
(2209, 221, 26, 4, '13420.00'),
(2210, 221, 32, 5, '13790.00'),
(2211, 221, 38, 6, '17280.00'),
(2212, 221, 44, 1, '18200.00'),
(2213, 221, 47, 2, '22207.20'),
(2214, 222, 2, 3, '8600.00'),
(2215, 222, 8, 4, '11030.00'),
(2216, 222, 14, 5, '11320.00'),
(2217, 222, 20, 6, '12430.00'),
(2218, 222, 21, 1, '12800.00'),
(2219, 222, 27, 2, '12530.00'),
(2220, 222, 33, 3, '15230.00'),
(2221, 222, 39, 4, '15610.00'),
(2222, 222, 45, 5, '16990.00'),
(2223, 222, 46, 6, '18210.00'),
(2224, 223, 3, 1, '10020.00'),
(2225, 223, 9, 2, '11410.00'),
(2226, 223, 15, 3, '11510.00'),
(2227, 223, 16, 4, '12370.00'),
(2228, 223, 22, 5, '12060.00'),
(2229, 223, 28, 6, '14060.00'),
(2230, 223, 34, 1, '15660.00'),
(2231, 223, 40, 2, '16370.00'),
(2232, 223, 41, 3, '15970.00'),
(2233, 223, 47, 4, '19186.20'),
(2234, 224, 4, 5, '8890.00'),
(2235, 224, 10, 6, '10430.00'),
(2236, 224, 11, 1, '11110.00'),
(2237, 224, 17, 2, '11130.00'),
(2238, 224, 23, 3, '14010.00'),
(2239, 224, 29, 4, '13740.00'),
(2240, 224, 35, 5, '14570.00'),
(2241, 224, 36, 6, '16140.00'),
(2242, 224, 42, 1, '17300.00'),
(2243, 224, 48, 2, '18340.00'),
(2244, 225, 5, 3, '9780.00'),
(2245, 225, 6, 4, '9190.00'),
(2246, 225, 12, 5, '11050.00'),
(2247, 225, 18, 6, '13070.00'),
(2248, 225, 24, 1, '13240.00'),
(2249, 225, 30, 2, '14040.00'),
(2250, 225, 31, 3, '14930.00'),
(2251, 225, 37, 4, '14570.00'),
(2252, 225, 43, 5, '16800.00'),
(2253, 225, 46, 6, '17560.00'),
(2254, 226, 1, 2, '8380.00'),
(2255, 226, 7, 3, '8790.00'),
(2256, 226, 13, 4, '11570.00'),
(2257, 226, 19, 5, '12150.00'),
(2258, 226, 25, 6, '13430.00'),
(2259, 226, 26, 1, '13080.00'),
(2260, 226, 32, 2, '14440.00'),
(2261, 226, 38, 3, '16000.00'),
(2262, 226, 44, 4, '17840.00'),
(2263, 226, 47, 5, '21546.00'),
(2264, 227, 2, 6, '8920.00'),
(2265, 227, 8, 1, '11370.00'),
(2266, 227, 14, 2, '10570.00'),
(2267, 227, 20, 3, '12640.00'),
(2268, 227, 21, 4, '12560.00'),
(2269, 227, 27, 5, '13030.00'),
(2270, 227, 33, 6, '15830.00'),
(2271, 227, 39, 1, '15630.00'),
(2272, 227, 45, 2, '18500.00'),
(2273, 227, 46, 3, '16920.00'),
(2274, 228, 3, 4, '9070.00'),
(2275, 228, 9, 5, '10950.00'),
(2276, 228, 15, 6, '11950.00'),
(2277, 228, 16, 1, '10990.00'),
(2278, 228, 22, 2, '11860.00'),
(2279, 228, 28, 3, '15200.00'),
(2280, 228, 34, 4, '16480.00'),
(2281, 228, 40, 5, '16280.00'),
(2282, 228, 41, 6, '17400.00'),
(2283, 228, 47, 1, '19049.40'),
(2284, 229, 4, 2, '10340.00'),
(2285, 229, 10, 3, '10930.00'),
(2286, 229, 11, 4, '11140.00'),
(2287, 229, 17, 5, '11320.00'),
(2288, 229, 23, 6, '12540.00'),
(2289, 229, 29, 1, '14730.00'),
(2290, 229, 35, 2, '16430.00'),
(2291, 229, 36, 3, '14540.00'),
(2292, 229, 42, 4, '17250.00'),
(2293, 229, 48, 5, '19400.00'),
(2294, 230, 5, 6, '9270.00'),
(2295, 230, 6, 1, '10000.00'),
(2296, 230, 12, 2, '9990.00'),
(2297, 230, 18, 3, '13080.00'),
(2298, 230, 24, 4, '13840.00'),
(2299, 230, 30, 5, '14630.00'),
(2300, 230, 31, 6, '15490.00'),
(2301, 230, 37, 1, '15720.00'),
(2302, 230, 43, 2, '17490.00'),
(2303, 230, 46, 3, '18600.00'),
(2304, 231, 1, 4, '7880.00'),
(2305, 231, 7, 5, '9940.00'),
(2306, 231, 13, 6, '12220.00'),
(2307, 231, 19, 1, '11860.00'),
(2308, 231, 25, 2, '13850.00'),
(2309, 231, 26, 3, '13600.00'),
(2310, 231, 32, 4, '14730.00'),
(2311, 231, 38, 5, '16350.00'),
(2312, 231, 44, 6, '16870.00'),
(2313, 231, 47, 1, '22173.00'),
(2314, 232, 2, 2, '9000.00'),
(2315, 232, 8, 3, '11190.00'),
(2316, 232, 14, 4, '10580.00'),
(2317, 232, 20, 5, '12290.00'),
(2318, 232, 21, 6, '13160.00'),
(2319, 232, 27, 1, '13420.00'),
(2320, 232, 33, 2, '14610.00'),
(2321, 232, 39, 3, '16490.00'),
(2322, 232, 45, 4, '18170.00'),
(2323, 232, 46, 5, '17900.00'),
(2324, 233, 3, 6, '9910.00'),
(2325, 233, 9, 1, '10990.00'),
(2326, 233, 15, 2, '10570.00'),
(2327, 233, 16, 3, '10650.00'),
(2328, 233, 22, 4, '12640.00'),
(2329, 233, 28, 5, '15180.00'),
(2330, 233, 34, 6, '14910.00'),
(2331, 233, 40, 1, '16290.00'),
(2332, 233, 41, 2, '16110.00'),
(2333, 233, 47, 3, '19539.60'),
(2334, 234, 4, 4, '8870.00'),
(2335, 234, 10, 5, '9630.00'),
(2336, 234, 11, 6, '10780.00'),
(2337, 234, 17, 1, '11030.00'),
(2338, 234, 23, 2, '13130.00'),
(2339, 234, 29, 3, '15260.00'),
(2340, 234, 35, 4, '15480.00'),
(2341, 234, 36, 5, '16100.00'),
(2342, 234, 42, 6, '15860.00'),
(2343, 234, 48, 1, '18110.00'),
(2344, 235, 5, 2, '8710.00'),
(2345, 235, 6, 3, '8910.00'),
(2346, 235, 12, 4, '10720.00'),
(2347, 235, 18, 5, '13080.00'),
(2348, 235, 24, 6, '13830.00'),
(2349, 235, 30, 1, '13540.00'),
(2350, 235, 31, 2, '14880.00'),
(2351, 235, 37, 3, '15430.00'),
(2352, 235, 43, 4, '18430.00'),
(2353, 235, 46, 5, '17500.00'),
(2354, 236, 1, 6, '8540.00'),
(2355, 236, 7, 1, '8500.00'),
(2356, 236, 13, 2, '12270.00'),
(2357, 236, 19, 3, '11980.00'),
(2358, 236, 25, 4, '13870.00'),
(2359, 236, 26, 5, '13470.00'),
(2360, 236, 32, 6, '15110.00'),
(2361, 236, 38, 1, '16300.00'),
(2362, 236, 44, 2, '18490.00'),
(2363, 236, 47, 3, '21249.60'),
(2364, 237, 2, 4, '7640.00'),
(2365, 237, 8, 5, '10110.00'),
(2366, 237, 14, 6, '11230.00'),
(2367, 237, 20, 1, '13460.00'),
(2368, 237, 21, 2, '11700.00'),
(2369, 237, 27, 3, '13720.00'),
(2370, 237, 33, 4, '15910.00'),
(2371, 237, 39, 5, '16440.00'),
(2372, 237, 45, 6, '18000.00'),
(2373, 237, 46, 1, '16970.00'),
(2374, 238, 3, 2, '9790.00'),
(2375, 238, 9, 3, '9640.00'),
(2376, 238, 15, 4, '10900.00'),
(2377, 238, 16, 5, '12330.00'),
(2378, 238, 22, 6, '11850.00'),
(2379, 238, 28, 1, '14860.00'),
(2380, 238, 34, 2, '15520.00'),
(2381, 238, 40, 3, '16320.00'),
(2382, 238, 41, 4, '15970.00'),
(2383, 238, 47, 5, '19687.80'),
(2384, 239, 4, 6, '9000.00'),
(2385, 239, 10, 1, '11110.00'),
(2386, 239, 11, 2, '10080.00'),
(2387, 239, 17, 3, '11390.00'),
(2388, 239, 23, 4, '13000.00'),
(2389, 239, 29, 5, '14550.00'),
(2390, 239, 35, 6, '16470.00'),
(2391, 239, 36, 1, '14520.00'),
(2392, 239, 42, 2, '15610.00'),
(2393, 239, 48, 3, '19440.00'),
(2394, 240, 5, 4, '8710.00'),
(2395, 240, 6, 5, '8820.00'),
(2396, 240, 12, 6, '10100.00'),
(2397, 240, 18, 1, '11520.00'),
(2398, 240, 24, 2, '14260.00'),
(2399, 240, 30, 3, '13740.00'),
(2400, 240, 31, 4, '14200.00'),
(2401, 240, 37, 5, '16220.00'),
(2402, 240, 43, 6, '18470.00'),
(2403, 240, 46, 1, '17670.00'),
(2404, 241, 1, 1, '7970.00'),
(2405, 241, 7, 2, '10340.00'),
(2406, 241, 13, 3, '11960.00'),
(2407, 241, 19, 4, '12210.00'),
(2408, 241, 25, 5, '13900.00'),
(2409, 241, 26, 6, '14460.00'),
(2410, 241, 32, 1, '13900.00'),
(2411, 241, 38, 2, '16290.00'),
(2412, 241, 44, 3, '17690.00'),
(2413, 241, 47, 4, '21796.80'),
(2414, 242, 2, 5, '9470.00'),
(2415, 242, 8, 6, '10740.00'),
(2416, 242, 14, 1, '10880.00'),
(2417, 242, 20, 2, '13490.00'),
(2418, 242, 21, 3, '12050.00'),
(2419, 242, 27, 4, '13110.00'),
(2420, 242, 33, 5, '14780.00'),
(2421, 242, 39, 6, '15850.00'),
(2422, 242, 45, 1, '17630.00'),
(2423, 242, 46, 2, '17360.00'),
(2424, 243, 3, 3, '10240.00'),
(2425, 243, 9, 4, '11470.00'),
(2426, 243, 15, 5, '11800.00'),
(2427, 243, 16, 6, '10700.00'),
(2428, 243, 22, 1, '13340.00'),
(2429, 243, 28, 2, '14950.00'),
(2430, 243, 34, 3, '15470.00'),
(2431, 243, 40, 4, '17070.00'),
(2432, 243, 41, 5, '16420.00'),
(2433, 243, 47, 6, '19129.20'),
(2434, 244, 4, 1, '9700.00'),
(2435, 244, 10, 2, '10090.00'),
(2436, 244, 11, 3, '11030.00'),
(2437, 244, 17, 4, '11030.00'),
(2438, 244, 23, 5, '12570.00'),
(2439, 244, 29, 6, '13800.00'),
(2440, 244, 35, 1, '16170.00'),
(2441, 244, 36, 2, '15180.00'),
(2442, 244, 42, 3, '15690.00'),
(2443, 244, 48, 4, '18010.00'),
(2444, 245, 5, 5, '9480.00'),
(2445, 245, 6, 6, '8750.00'),
(2446, 245, 12, 1, '9910.00'),
(2447, 245, 18, 2, '12280.00'),
(2448, 245, 24, 3, '12800.00'),
(2449, 245, 30, 4, '13700.00'),
(2450, 245, 31, 5, '15070.00'),
(2451, 245, 37, 6, '16030.00'),
(2452, 245, 43, 1, '17210.00'),
(2453, 245, 46, 2, '18480.00'),
(2454, 246, 1, 3, '8840.00'),
(2455, 246, 7, 4, '8670.00'),
(2456, 246, 13, 5, '12500.00'),
(2457, 246, 19, 6, '11500.00'),
(2458, 246, 25, 1, '13910.00'),
(2459, 246, 26, 2, '13070.00'),
(2460, 246, 32, 3, '14930.00'),
(2461, 246, 38, 4, '16750.00'),
(2462, 246, 44, 5, '17890.00'),
(2463, 246, 47, 6, '21831.00'),
(2464, 247, 2, 1, '9380.00'),
(2465, 247, 8, 2, '11380.00'),
(2466, 247, 14, 3, '11320.00'),
(2467, 247, 20, 4, '12770.00'),
(2468, 247, 21, 5, '12360.00'),
(2469, 247, 27, 6, '14050.00'),
(2470, 247, 33, 1, '14520.00'),
(2471, 247, 39, 2, '16890.00'),
(2472, 247, 45, 3, '18450.00'),
(2473, 247, 46, 4, '17880.00'),
(2474, 248, 3, 5, '8670.00'),
(2475, 248, 9, 6, '11060.00'),
(2476, 248, 15, 1, '10520.00'),
(2477, 248, 16, 2, '10600.00'),
(2478, 248, 22, 3, '13110.00'),
(2479, 248, 28, 4, '15300.00'),
(2480, 248, 34, 5, '14680.00'),
(2481, 248, 40, 6, '16400.00'),
(2482, 248, 41, 1, '16260.00'),
(2483, 248, 47, 2, '20748.00'),
(2484, 249, 4, 3, '10070.00'),
(2485, 249, 10, 4, '9910.00'),
(2486, 249, 11, 5, '10640.00'),
(2487, 249, 17, 6, '10790.00'),
(2488, 249, 23, 1, '14300.00'),
(2489, 249, 29, 2, '14900.00'),
(2490, 249, 35, 3, '14930.00'),
(2491, 249, 36, 4, '14850.00'),
(2492, 249, 42, 5, '16920.00'),
(2493, 249, 48, 6, '18370.00'),
(2494, 250, 5, 1, '9180.00'),
(2495, 250, 6, 2, '9260.00'),
(2496, 250, 12, 3, '10490.00'),
(2497, 250, 18, 4, '12120.00'),
(2498, 250, 24, 5, '13400.00'),
(2499, 250, 30, 6, '14960.00'),
(2500, 250, 31, 1, '14210.00'),
(2501, 250, 37, 2, '16180.00'),
(2502, 250, 43, 3, '17500.00'),
(2503, 250, 46, 4, '18370.00'),
(2504, 251, 1, 5, '7540.00'),
(2505, 251, 7, 6, '8890.00'),
(2506, 251, 13, 1, '12130.00'),
(2507, 251, 19, 2, '12400.00'),
(2508, 251, 25, 3, '14090.00'),
(2509, 251, 26, 4, '13510.00'),
(2510, 251, 32, 5, '14590.00'),
(2511, 251, 38, 6, '17410.00'),
(2512, 251, 44, 1, '16660.00'),
(2513, 251, 47, 2, '20360.40'),
(2514, 252, 2, 3, '7670.00'),
(2515, 252, 8, 4, '9620.00'),
(2516, 252, 14, 5, '11830.00'),
(2517, 252, 20, 6, '11580.00'),
(2518, 252, 21, 1, '12030.00'),
(2519, 252, 27, 2, '13730.00'),
(2520, 252, 33, 3, '15760.00'),
(2521, 252, 39, 4, '17290.00'),
(2522, 252, 45, 5, '17580.00'),
(2523, 252, 46, 6, '17710.00'),
(2524, 253, 3, 1, '9700.00'),
(2525, 253, 9, 2, '9980.00'),
(2526, 253, 15, 3, '12050.00'),
(2527, 253, 16, 4, '11720.00'),
(2528, 253, 22, 5, '12140.00'),
(2529, 253, 28, 6, '13910.00'),
(2530, 253, 34, 1, '14800.00'),
(2531, 253, 40, 2, '17290.00'),
(2532, 253, 41, 3, '16620.00'),
(2533, 253, 47, 4, '19368.60'),
(2534, 254, 4, 5, '9790.00'),
(2535, 254, 10, 6, '10110.00'),
(2536, 254, 11, 1, '9930.00'),
(2537, 254, 17, 2, '11620.00'),
(2538, 254, 23, 3, '13020.00'),
(2539, 254, 29, 4, '14980.00'),
(2540, 254, 35, 5, '14790.00'),
(2541, 254, 36, 6, '16010.00'),
(2542, 254, 42, 1, '16850.00'),
(2543, 254, 48, 2, '17890.00'),
(2544, 255, 5, 3, '8880.00'),
(2545, 255, 6, 4, '10230.00'),
(2546, 255, 12, 5, '11410.00'),
(2547, 255, 18, 6, '12120.00'),
(2548, 255, 24, 1, '13430.00'),
(2549, 255, 30, 2, '13920.00'),
(2550, 255, 31, 3, '13740.00'),
(2551, 255, 37, 4, '16450.00'),
(2552, 255, 43, 5, '17120.00'),
(2553, 255, 46, 6, '18200.00'),
(2554, 256, 1, 2, '7930.00'),
(2555, 256, 7, 3, '8720.00'),
(2556, 256, 13, 4, '11290.00'),
(2557, 256, 19, 5, '12420.00'),
(2558, 256, 25, 6, '14300.00'),
(2559, 256, 26, 1, '13900.00'),
(2560, 256, 32, 2, '14130.00'),
(2561, 256, 38, 3, '16540.00'),
(2562, 256, 44, 4, '17640.00'),
(2563, 256, 47, 5, '20884.80'),
(2564, 257, 2, 6, '9420.00'),
(2565, 257, 8, 1, '11300.00'),
(2566, 257, 14, 2, '11410.00'),
(2567, 257, 20, 3, '11960.00'),
(2568, 257, 21, 4, '12560.00'),
(2569, 257, 27, 5, '14420.00'),
(2570, 257, 33, 6, '15930.00'),
(2571, 257, 39, 1, '16920.00'),
(2572, 257, 45, 2, '16590.00'),
(2573, 257, 46, 3, '17850.00'),
(2574, 258, 3, 4, '8660.00'),
(2575, 258, 9, 5, '9840.00'),
(2576, 258, 15, 6, '12000.00'),
(2577, 258, 16, 1, '11970.00'),
(2578, 258, 22, 2, '12950.00'),
(2579, 258, 28, 3, '14740.00'),
(2580, 258, 34, 4, '14770.00'),
(2581, 258, 40, 5, '16500.00'),
(2582, 258, 41, 6, '15770.00'),
(2583, 258, 47, 1, '19653.60'),
(2584, 259, 4, 2, '10040.00'),
(2585, 259, 10, 3, '11200.00'),
(2586, 259, 11, 4, '10910.00'),
(2587, 259, 17, 5, '11990.00'),
(2588, 259, 23, 6, '13520.00'),
(2589, 259, 29, 1, '14990.00'),
(2590, 259, 35, 2, '14940.00'),
(2591, 259, 36, 3, '15630.00'),
(2592, 259, 42, 4, '17320.00'),
(2593, 259, 48, 5, '18840.00'),
(2594, 260, 5, 6, '9650.00'),
(2595, 260, 6, 1, '8840.00'),
(2596, 260, 12, 2, '10740.00'),
(2597, 260, 18, 3, '12050.00'),
(2598, 260, 24, 4, '14470.00'),
(2599, 260, 30, 5, '13830.00'),
(2600, 260, 31, 6, '14540.00'),
(2601, 260, 37, 1, '15000.00'),
(2602, 260, 43, 2, '16650.00'),
(2603, 260, 46, 3, '18270.00'),
(2604, 261, 1, 4, '9160.00'),
(2605, 261, 7, 5, '10300.00'),
(2606, 261, 13, 6, '11010.00'),
(2607, 261, 19, 1, '13250.00'),
(2608, 261, 25, 2, '14330.00'),
(2609, 261, 26, 3, '14010.00'),
(2610, 261, 32, 4, '13700.00'),
(2611, 261, 38, 5, '16710.00'),
(2612, 261, 44, 6, '17930.00'),
(2613, 261, 47, 1, '22195.80'),
(2614, 262, 2, 2, '8480.00'),
(2615, 262, 8, 3, '9990.00'),
(2616, 262, 14, 4, '11270.00'),
(2617, 262, 20, 5, '11790.00'),
(2618, 262, 21, 6, '13090.00'),
(2619, 262, 27, 1, '13340.00'),
(2620, 262, 33, 2, '14950.00'),
(2621, 262, 39, 3, '17120.00'),
(2622, 262, 45, 4, '17390.00'),
(2623, 262, 46, 5, '17710.00'),
(2624, 263, 3, 6, '8500.00'),
(2625, 263, 9, 1, '10210.00'),
(2626, 263, 15, 2, '12270.00'),
(2627, 263, 16, 3, '11600.00'),
(2628, 263, 22, 4, '12820.00'),
(2629, 263, 28, 5, '14300.00'),
(2630, 263, 34, 6, '15000.00'),
(2631, 263, 40, 1, '15530.00'),
(2632, 263, 41, 2, '16480.00'),
(2633, 263, 47, 3, '19425.60'),
(2634, 264, 4, 4, '9540.00'),
(2635, 264, 10, 5, '9600.00'),
(2636, 264, 11, 6, '10590.00'),
(2637, 264, 17, 1, '11630.00'),
(2638, 264, 23, 2, '13440.00'),
(2639, 264, 29, 3, '14350.00'),
(2640, 264, 35, 4, '16160.00'),
(2641, 264, 36, 5, '14980.00'),
(2642, 264, 42, 6, '17130.00'),
(2643, 264, 48, 1, '18280.00'),
(2644, 265, 5, 2, '8750.00'),
(2645, 265, 6, 3, '10010.00'),
(2646, 265, 12, 4, '10320.00'),
(2647, 265, 18, 5, '13290.00'),
(2648, 265, 24, 6, '12950.00'),
(2649, 265, 30, 1, '13690.00'),
(2650, 265, 31, 2, '14610.00'),
(2651, 265, 37, 3, '15920.00'),
(2652, 265, 43, 4, '18060.00'),
(2653, 265, 46, 5, '18830.00'),
(2654, 266, 1, 6, '8750.00'),
(2655, 266, 7, 1, '9430.00'),
(2656, 266, 13, 2, '10710.00'),
(2657, 266, 19, 3, '12880.00'),
(2658, 266, 25, 4, '13860.00'),
(2659, 266, 26, 5, '13140.00'),
(2660, 266, 32, 6, '14760.00'),
(2661, 266, 38, 1, '16840.00'),
(2662, 266, 44, 2, '18420.00'),
(2663, 266, 47, 3, '20622.60'),
(2664, 267, 2, 4, '9040.00'),
(2665, 267, 8, 5, '10580.00'),
(2666, 267, 14, 6, '10790.00'),
(2667, 267, 20, 1, '13180.00'),
(2668, 267, 21, 2, '12370.00'),
(2669, 267, 27, 3, '14410.00'),
(2670, 267, 33, 4, '16130.00'),
(2671, 267, 39, 5, '16280.00'),
(2672, 267, 45, 6, '18110.00'),
(2673, 267, 46, 1, '16810.00'),
(2674, 268, 3, 2, '8910.00'),
(2675, 268, 9, 3, '10900.00'),
(2676, 268, 15, 4, '12260.00'),
(2677, 268, 16, 5, '10640.00'),
(2678, 268, 22, 6, '12860.00'),
(2679, 268, 28, 1, '14870.00'),
(2680, 268, 34, 2, '14840.00'),
(2681, 268, 40, 3, '17110.00'),
(2682, 268, 41, 4, '16620.00'),
(2683, 268, 47, 5, '18981.00'),
(2684, 269, 4, 6, '10420.00'),
(2685, 269, 10, 1, '9580.00'),
(2686, 269, 11, 2, '10830.00'),
(2687, 269, 17, 3, '11070.00'),
(2688, 269, 23, 4, '13830.00'),
(2689, 269, 29, 5, '14810.00'),
(2690, 269, 35, 6, '15180.00'),
(2691, 269, 36, 1, '15090.00'),
(2692, 269, 42, 2, '16120.00'),
(2693, 269, 48, 3, '19100.00'),
(2694, 270, 5, 4, '9770.00'),
(2695, 270, 6, 5, '10290.00'),
(2696, 270, 12, 6, '10720.00'),
(2697, 270, 18, 1, '13070.00'),
(2698, 270, 24, 2, '13870.00'),
(2699, 270, 30, 3, '15190.00'),
(2700, 270, 31, 4, '15400.00'),
(2701, 270, 37, 5, '15300.00'),
(2702, 270, 43, 6, '17880.00'),
(2703, 270, 46, 1, '17720.00'),
(2704, 271, 1, 1, '7710.00'),
(2705, 271, 7, 2, '10100.00'),
(2706, 271, 13, 3, '11490.00'),
(2707, 271, 19, 4, '13370.00'),
(2708, 271, 25, 5, '14320.00'),
(2709, 271, 26, 6, '13350.00'),
(2710, 271, 32, 1, '14730.00'),
(2711, 271, 38, 2, '16250.00'),
(2712, 271, 44, 3, '17270.00'),
(2713, 271, 47, 4, '20520.00'),
(2714, 272, 2, 5, '9360.00'),
(2715, 272, 8, 6, '11110.00'),
(2716, 272, 14, 1, '10640.00'),
(2717, 272, 20, 2, '11740.00'),
(2718, 272, 21, 3, '11820.00'),
(2719, 272, 27, 4, '13550.00'),
(2720, 272, 33, 5, '15020.00'),
(2721, 272, 39, 6, '16470.00'),
(2722, 272, 45, 1, '16560.00'),
(2723, 272, 46, 2, '17290.00'),
(2724, 273, 3, 3, '8500.00'),
(2725, 273, 9, 4, '10860.00'),
(2726, 273, 15, 5, '11140.00'),
(2727, 273, 16, 6, '10920.00'),
(2728, 273, 22, 1, '13280.00'),
(2729, 273, 28, 2, '15430.00'),
(2730, 273, 34, 3, '15620.00'),
(2731, 273, 40, 4, '16790.00'),
(2732, 273, 41, 5, '15600.00'),
(2733, 273, 47, 6, '18946.80'),
(2734, 274, 4, 1, '9000.00'),
(2735, 274, 10, 2, '11370.00'),
(2736, 274, 11, 3, '10850.00'),
(2737, 274, 17, 4, '11890.00'),
(2738, 274, 23, 5, '13300.00'),
(2739, 274, 29, 6, '13860.00'),
(2740, 274, 35, 1, '15670.00'),
(2741, 274, 36, 2, '16370.00'),
(2742, 274, 42, 3, '15980.00'),
(2743, 274, 48, 4, '19400.00'),
(2744, 275, 5, 5, '10220.00'),
(2745, 275, 6, 6, '9810.00'),
(2746, 275, 12, 1, '11250.00'),
(2747, 275, 18, 2, '13240.00'),
(2748, 275, 24, 3, '12790.00'),
(2749, 275, 30, 4, '14890.00'),
(2750, 275, 31, 5, '15310.00'),
(2751, 275, 37, 6, '15690.00'),
(2752, 275, 43, 1, '17550.00'),
(2753, 275, 46, 2, '18980.00'),
(2754, 276, 1, 3, '8270.00'),
(2755, 276, 7, 4, '9070.00'),
(2756, 276, 13, 5, '12270.00'),
(2757, 276, 19, 6, '11620.00'),
(2758, 276, 25, 1, '13520.00'),
(2759, 276, 26, 2, '12690.00'),
(2760, 276, 32, 3, '14220.00'),
(2761, 276, 38, 4, '15930.00'),
(2762, 276, 44, 5, '17200.00'),
(2763, 276, 47, 6, '20497.20'),
(2764, 277, 2, 1, '8580.00'),
(2765, 277, 8, 2, '10770.00'),
(2766, 277, 14, 3, '12390.00'),
(2767, 277, 20, 4, '12230.00'),
(2768, 277, 21, 5, '12320.00'),
(2769, 277, 27, 6, '13680.00'),
(2770, 277, 33, 1, '16460.00'),
(2771, 277, 39, 2, '16040.00'),
(2772, 277, 45, 3, '16630.00'),
(2773, 277, 46, 4, '16950.00'),
(2774, 278, 3, 5, '10460.00'),
(2775, 278, 9, 6, '10800.00'),
(2776, 278, 15, 1, '11780.00'),
(2777, 278, 16, 2, '10590.00'),
(2778, 278, 22, 3, '12190.00'),
(2779, 278, 28, 4, '14430.00'),
(2780, 278, 34, 5, '14650.00'),
(2781, 278, 40, 6, '16880.00'),
(2782, 278, 41, 1, '16220.00'),
(2783, 278, 47, 2, '19893.00'),
(2784, 279, 4, 3, '9030.00'),
(2785, 279, 10, 4, '9900.00'),
(2786, 279, 11, 5, '11090.00'),
(2787, 279, 17, 6, '11560.00'),
(2788, 279, 23, 1, '13000.00'),
(2789, 279, 29, 2, '14390.00'),
(2790, 279, 35, 3, '15380.00'),
(2791, 279, 36, 4, '16490.00'),
(2792, 279, 42, 5, '17470.00'),
(2793, 279, 48, 6, '19170.00'),
(2794, 280, 5, 1, '8770.00'),
(2795, 280, 6, 2, '9420.00'),
(2796, 280, 12, 3, '11400.00'),
(2797, 280, 18, 4, '12470.00'),
(2798, 280, 24, 5, '12520.00'),
(2799, 280, 30, 6, '13790.00'),
(2800, 280, 31, 1, '14590.00'),
(2801, 280, 37, 2, '15850.00'),
(2802, 280, 43, 3, '16660.00'),
(2803, 280, 46, 4, '18450.00'),
(2804, 281, 1, 5, '7920.00'),
(2805, 281, 7, 6, '9240.00'),
(2806, 281, 13, 1, '11420.00'),
(2807, 281, 19, 2, '12590.00'),
(2808, 281, 25, 3, '13380.00'),
(2809, 281, 26, 4, '13010.00'),
(2810, 281, 32, 5, '14550.00'),
(2811, 281, 38, 6, '15680.00'),
(2812, 281, 44, 1, '17320.00'),
(2813, 281, 47, 2, '20075.40'),
(2814, 282, 2, 3, '9110.00'),
(2815, 282, 8, 4, '11420.00'),
(2816, 282, 14, 5, '12200.00'),
(2817, 282, 20, 6, '13260.00'),
(2818, 282, 21, 1, '11510.00'),
(2819, 282, 27, 2, '12810.00'),
(2820, 282, 33, 3, '15770.00'),
(2821, 282, 39, 4, '15890.00'),
(2822, 282, 45, 5, '17170.00'),
(2823, 282, 46, 6, '17730.00'),
(2824, 283, 3, 1, '8580.00'),
(2825, 283, 9, 2, '9860.00'),
(2826, 283, 15, 3, '12010.00'),
(2827, 283, 16, 4, '11180.00'),
(2828, 283, 22, 5, '11680.00'),
(2829, 283, 28, 6, '15250.00'),
(2830, 283, 34, 1, '15610.00'),
(2831, 283, 40, 2, '16640.00'),
(2832, 283, 41, 3, '15740.00'),
(2833, 283, 47, 4, '19448.40'),
(2834, 284, 4, 5, '10020.00'),
(2835, 284, 10, 6, '9610.00'),
(2836, 284, 11, 1, '10070.00'),
(2837, 284, 17, 2, '10510.00'),
(2838, 284, 23, 3, '13690.00'),
(2839, 284, 29, 4, '15010.00'),
(2840, 284, 35, 5, '14710.00'),
(2841, 284, 36, 6, '15080.00'),
(2842, 284, 42, 1, '16280.00'),
(2843, 284, 48, 2, '19340.00'),
(2844, 285, 5, 3, '9150.00'),
(2845, 285, 6, 4, '9620.00'),
(2846, 285, 12, 5, '9740.00'),
(2847, 285, 18, 6, '12630.00'),
(2848, 285, 24, 1, '12860.00'),
(2849, 285, 30, 2, '13870.00'),
(2850, 285, 31, 3, '13900.00'),
(2851, 285, 37, 4, '14960.00'),
(2852, 285, 43, 5, '18140.00'),
(2853, 285, 46, 6, '19450.00'),
(2854, 286, 1, 2, '9400.00'),
(2855, 286, 7, 3, '10330.00'),
(2856, 286, 13, 4, '11240.00'),
(2857, 286, 19, 5, '11820.00'),
(2858, 286, 25, 6, '13440.00'),
(2859, 286, 26, 1, '13150.00'),
(2860, 286, 32, 2, '14280.00'),
(2861, 286, 38, 3, '16460.00'),
(2862, 286, 44, 4, '17280.00'),
(2863, 286, 47, 5, '20360.40'),
(2864, 287, 2, 6, '8900.00'),
(2865, 287, 8, 1, '11480.00'),
(2866, 287, 14, 2, '11000.00'),
(2867, 287, 20, 3, '13440.00'),
(2868, 287, 21, 4, '11530.00'),
(2869, 287, 27, 5, '12900.00'),
(2870, 287, 33, 6, '14840.00'),
(2871, 287, 39, 1, '16220.00'),
(2872, 287, 45, 2, '16650.00'),
(2873, 287, 46, 3, '17570.00'),
(2874, 288, 3, 4, '10330.00'),
(2875, 288, 9, 5, '9650.00'),
(2876, 288, 15, 6, '11780.00'),
(2877, 288, 16, 1, '12060.00'),
(2878, 288, 22, 2, '12980.00'),
(2879, 288, 28, 3, '15430.00'),
(2880, 288, 34, 4, '15720.00'),
(2881, 288, 40, 5, '17470.00'),
(2882, 288, 41, 6, '16500.00'),
(2883, 288, 47, 1, '20953.20'),
(2884, 289, 4, 2, '8540.00'),
(2885, 289, 10, 3, '9740.00'),
(2886, 289, 11, 4, '10140.00'),
(2887, 289, 17, 5, '12440.00'),
(2888, 289, 23, 6, '12740.00'),
(2889, 289, 29, 1, '13980.00'),
(2890, 289, 35, 2, '14680.00'),
(2891, 289, 36, 3, '14640.00'),
(2892, 289, 42, 4, '16190.00'),
(2893, 289, 48, 5, '18540.00'),
(2894, 290, 5, 6, '9750.00'),
(2895, 290, 6, 1, '10500.00'),
(2896, 290, 12, 2, '11440.00'),
(2897, 290, 18, 3, '12380.00'),
(2898, 290, 24, 4, '13290.00'),
(2899, 290, 30, 5, '13640.00'),
(2900, 290, 31, 6, '14830.00'),
(2901, 290, 37, 1, '15310.00'),
(2902, 290, 43, 2, '18340.00'),
(2903, 290, 46, 3, '19390.00'),
(2904, 291, 1, 4, '8110.00'),
(2905, 291, 7, 5, '8890.00'),
(2906, 291, 13, 6, '10820.00'),
(2907, 291, 19, 1, '11880.00'),
(2908, 291, 25, 2, '13290.00'),
(2909, 291, 26, 3, '13190.00'),
(2910, 291, 32, 4, '14550.00'),
(2911, 291, 38, 5, '16030.00'),
(2912, 291, 44, 6, '18090.00'),
(2913, 291, 47, 1, '20474.40'),
(2914, 292, 2, 2, '7700.00'),
(2915, 292, 8, 3, '9690.00'),
(2916, 292, 14, 4, '10710.00'),
(2917, 292, 20, 5, '12390.00'),
(2918, 292, 21, 6, '11880.00'),
(2919, 292, 27, 1, '12560.00'),
(2920, 292, 33, 2, '14790.00'),
(2921, 292, 39, 3, '17020.00'),
(2922, 292, 45, 4, '17460.00'),
(2923, 292, 46, 5, '17470.00'),
(2924, 293, 3, 6, '9550.00'),
(2925, 293, 9, 1, '10660.00'),
(2926, 293, 15, 2, '12450.00'),
(2927, 293, 16, 3, '10920.00'),
(2928, 293, 22, 4, '11740.00'),
(2929, 293, 28, 5, '15380.00'),
(2930, 293, 34, 6, '15090.00'),
(2931, 293, 40, 1, '16620.00'),
(2932, 293, 41, 2, '16980.00'),
(2933, 293, 47, 3, '20736.60'),
(2934, 294, 4, 4, '10190.00'),
(2935, 294, 10, 5, '9840.00'),
(2936, 294, 11, 6, '11060.00'),
(2937, 294, 17, 1, '12010.00'),
(2938, 294, 23, 2, '14320.00'),
(2939, 294, 29, 3, '14160.00'),
(2940, 294, 35, 4, '15510.00'),
(2941, 294, 36, 5, '14910.00'),
(2942, 294, 42, 6, '16490.00'),
(2943, 294, 48, 1, '18640.00'),
(2944, 295, 5, 2, '9490.00'),
(2945, 295, 6, 3, '9130.00'),
(2946, 295, 12, 4, '11240.00'),
(2947, 295, 18, 5, '12180.00'),
(2948, 295, 24, 6, '13820.00'),
(2949, 295, 30, 1, '15170.00'),
(2950, 295, 31, 2, '14020.00'),
(2951, 295, 37, 3, '16380.00'),
(2952, 295, 43, 4, '16610.00'),
(2953, 295, 46, 5, '19180.00'),
(2954, 296, 1, 6, '9200.00'),
(2955, 296, 7, 1, '10280.00'),
(2956, 296, 13, 2, '12000.00'),
(2957, 296, 19, 3, '12520.00'),
(2958, 296, 25, 4, '13950.00'),
(2959, 296, 26, 5, '13130.00'),
(2960, 296, 32, 6, '15490.00'),
(2961, 296, 38, 1, '16260.00'),
(2962, 296, 44, 2, '17150.00'),
(2963, 296, 47, 3, '21272.40'),
(2964, 297, 2, 4, '9340.00'),
(2965, 297, 8, 5, '11370.00'),
(2966, 297, 14, 6, '12490.00'),
(2967, 297, 20, 1, '13370.00'),
(2968, 297, 21, 2, '12890.00'),
(2969, 297, 27, 3, '12580.00'),
(2970, 297, 33, 4, '15230.00'),
(2971, 297, 39, 5, '16670.00'),
(2972, 297, 45, 6, '18360.00'),
(2973, 297, 46, 1, '17510.00'),
(2974, 298, 3, 2, '8590.00'),
(2975, 298, 9, 3, '10610.00'),
(2976, 298, 15, 4, '11290.00'),
(2977, 298, 16, 5, '10820.00'),
(2978, 298, 22, 6, '11810.00'),
(2979, 298, 28, 1, '14520.00'),
(2980, 298, 34, 2, '15130.00'),
(2981, 298, 40, 3, '17390.00'),
(2982, 298, 41, 4, '15850.00'),
(2983, 298, 47, 5, '20793.60'),
(2984, 299, 4, 6, '9720.00'),
(2985, 299, 10, 1, '11340.00'),
(2986, 299, 11, 2, '9660.00'),
(2987, 299, 17, 3, '12110.00'),
(2988, 299, 23, 4, '13670.00'),
(2989, 299, 29, 5, '14220.00'),
(2990, 299, 35, 6, '16240.00'),
(2991, 299, 36, 1, '15120.00'),
(2992, 299, 42, 2, '16050.00'),
(2993, 299, 48, 3, '18830.00'),
(2994, 300, 5, 4, '10300.00'),
(2995, 300, 6, 5, '10080.00'),
(2996, 300, 12, 6, '10730.00'),
(2997, 300, 18, 1, '13020.00'),
(2998, 300, 24, 2, '13390.00'),
(2999, 300, 30, 3, '15000.00'),
(3000, 300, 31, 4, '14890.00'),
(3001, 300, 37, 5, '15720.00'),
(3002, 300, 43, 6, '16710.00'),
(3003, 300, 46, 1, '18740.00');

--
-- Index pour les tables déchargées
--

--
-- Index pour la table `achete`
--
ALTER TABLE `achete`
  ADD PRIMARY KEY (`clientId`,`vehiculeId`),
  ADD KEY `vehiculeId` (`vehiculeId`);

--
-- Index pour la table `agence`
--
ALTER TABLE `agence`
  ADD PRIMARY KEY (`agenceId`);

--
-- Index pour la table `client`
--
ALTER TABLE `client`
  ADD PRIMARY KEY (`clientId`);

--
-- Index pour la table `finition`
--
ALTER TABLE `finition`
  ADD PRIMARY KEY (`finitionId`);

--
-- Index pour la table `modele`
--
ALTER TABLE `modele`
  ADD PRIMARY KEY (`modeleId`);

--
-- Index pour la table `vehicule`
--
ALTER TABLE `vehicule`
  ADD PRIMARY KEY (`vehiculeId`),
  ADD KEY `fk1_vehicule` (`agenceId`),
  ADD KEY `fk2_vehicule` (`modeleId`),
  ADD KEY `fk3_vehicule` (`finitionId`);

--
-- Contraintes pour les tables déchargées
--

--
-- Contraintes pour la table `achete`
--
ALTER TABLE `achete`
  ADD CONSTRAINT `achete_ibfk_2` FOREIGN KEY (`clientId`) REFERENCES `client` (`clientId`),
  ADD CONSTRAINT `achete_ibfk_3` FOREIGN KEY (`vehiculeId`) REFERENCES `vehicule` (`vehiculeId`);

--
-- Contraintes pour la table `vehicule`
--
ALTER TABLE `vehicule`
  ADD CONSTRAINT `fk1_vehicule` FOREIGN KEY (`agenceId`) REFERENCES `agence` (`agenceId`),
  ADD CONSTRAINT `fk2_vehicule` FOREIGN KEY (`modeleId`) REFERENCES `modele` (`modeleId`),
  ADD CONSTRAINT `fk3_vehicule` FOREIGN KEY (`finitionId`) REFERENCES `finition` (`finitionId`);
COMMIT;

/*!40101 SET CHARACTER_SET_CLIENT=@OLD_CHARACTER_SET_CLIENT */;
/*!40101 SET CHARACTER_SET_RESULTS=@OLD_CHARACTER_SET_RESULTS */;
/*!40101 SET COLLATION_CONNECTION=@OLD_COLLATION_CONNECTION */;
